doandan,like,linkanh,loai,noidung,tacgia,tags,thoigian,tieude,url
"Đây là cam kết vừa được Meta - công ty mẹ của mạng xã hội Facebook chia sẻ, nhân sự kiện tập đoàn này ký kết biên bản ghi nhớ với Trung tâm Đổi mới sáng tạo Quốc gia.",,"https://static-images.vnncdn.net/files/publish/2022/5/20/facebook-vietnam-5-96.jpg,https://static-images.vnncdn.net/files/publish/2022/5/20/facebook-vietnam-6-97.jpg",Công nghệ,"Trong khuôn khổ chuyến thăm và làm việc tại Mỹ của Thủ tướng Chính phủ Phạm Minh Chính và đoàn đại biểu Việt Nam, các đại diện thuộc bộ phận Chính sách công của Meta (công ty mẹ mạng xã hội Facebook) đã có buổi gặp gỡ và trao đổi với Thủ tướng cùng các đại biểu về những vấn đề liên quan đến phát triển kinh tế số.   Tại buổi gặp, Meta và Trung tâm Đổi mới Sáng tạo Quốc gia (NIC, Bộ Kế hoạch và Đầu tư) đã cùng ký biên bản ghi nhớ, nhằm mục tiêu nâng cao năng lực của các doanh nghiệp vừa và nhỏ và khuyến khích đổi mới sáng tạo. Theo biên bản ghi nhớ giữa công ty mẹ  và Trung tâm Đổi mới Sáng tạo Quốc gia, bất chấp những ảnh hưởng của đại dịch Covid-19, tập đoàn Meta vẫn là một đối tác tận tâm và tích cực đối với Việt Nam, đặc biệt trong kế hoạch phát triển kinh tế số quốc gia. Biên bản ghi nhớ được ký kết có mục tiêu nâng cao năng lực của các doanh nghiệp vừa và nhỏ, đặc biệt là doanh nghiệp ở đồng bằng sông Mekong và doanh nghiệp của các nhóm yếu thế.  Bên cạnh đó, hai bên cam kết sẽ khuyến khích đổi mới sáng tạo và các ý tưởng kinh doanh đột phá tại Việt Nam. Nhiều sáng kiến với mục tiêu trên đã được Meta triển khai trong thời gian qua. Biên bản ghi nhớ giữa Meta và Trung tâm Đổi mới sáng tạo Quốc gia thuộc Bộ Kế hoạch và Đầu tư sẽ chính thức hóa một số trong các dự án đã và đang thực hiện. Meta mong muốn đóng vai trò chủ động trong việc hỗ trợ Việt Nam theo đuổi tầm nhìn về phát triển một nền kinh tế số bền vững, tương tự như những gì tập đoàn đang thực hiện tại các quốc gia khác trên toàn thế giới. Theo chia sẻ của Meta, trong bối cảnh đại dịch Covid-19, mục tiêu trọng tâm của tập đoàn này là hỗ trợ các doanh nghiệp vừa và nhỏ chuyển đổi số để phục hồi sau đại dịch.  Kể từ khi dịch Covid-19 bùng phát, Meta là một trong những công ty công nghệ Mỹ có nhiều đóng góp tích cực trong việc hỗ trợ cho công tác phòng chống dịch của Chính phủ.  Từ tháng 2/2020 cho tới nay, Meta đã cung cấp các gói tài trợ quảng cáo miễn phí cho Cổng Thông tin điện tử Chính phủ và Bộ Y tế nhằm đẩy mạnh tuyên truyền thông tin chính thống và kịp thời về diễn biến của dịch bệnh. Kể từ khi trang Facebook “Thông tin Chính phủ” của Cổng Thông tin điện tử Chính phủ và trang “Sức khoẻ Việt Nam” của Bộ Y tế bắt đầu chạy quảng cáo cho các nội dung liên quan đến đại dịch Covid-19, lượng người theo dõi ở cả hai trang đã tăng ít nhất 10 lần.  Trang Facebook của Cổng Thông tin điện tử Chính phủ hiện đã có hơn 3,3 triệu người theo dõi, tăng hơn 2,7 triệu người trong vòng hơn một năm. Những thông điệp quan trọng từ Chính phủ Việt Nam và Bộ Y tế đã đến được với hàng chục triệu người dân và thu hút hàng triệu lượt tương tác (lượt thích, bình luận và chia sẻ). Theo thông tin vừa được chia sẻ bởi Meta, công ty mẹ của mạng xã hội Facebook khẳng định sẽ đăng ký, kê khai và nộp Thuế nhà thầu nước ngoài ở Việt Nam. Cụ thể, Meta đã có cuộc gặp và trao đổi với Tổng cục Thuế vào tháng 4/2022 vừa qua để làm rõ việc triển khai Thông tư 80 (về cơ chế đăng ký, kê khai và nộp thuế cho các nhà thầu nước ngoài) tại Việt Nam. Meta cam kết sẽ đăng ký, kê khai và nộp Thuế nhà thầu nước ngoài theo quy định của Thông tư. Đơn vị này cũng sẽ làm việc và cung cấp những thông tin cần thiết tới các nhà quảng cáo và khách hàng của mình để đảm bảo thực hiện việc kê khai và nộp thuế theo quy định một cách suôn sẻ trong thời gian tới.",Trọng Đạt," kinh tế số , Kinh tế nền tảng , Facebook , Meta , Mạng xã hội , chuyển đổi số ",20/05/2022   06:42 (GMT+07:00),"Facebook sẽ đăng ký, kê khai và nộp thuế nhà thầu nước ngoài ở Việt Nam",https://vietnamnet.vn/facebook-se-dang-ky-ke-khai-va-nop-thue-nha-thau-nuoc-ngoai-o-viet-nam-2021301.html
"Các trí thức được vinh danh là những cá nhân có uy tín khoa học, có nhiều đóng góp thiết thực, hiệu quả và có tầm ảnh hưởng đến sự phát triển của ngành, được xã hội công nhận.",,"https://static-images.vnncdn.net/files/publish/2022/5/19/lien-hiep-hoi-khktvn-2-1071.jpg,https://static-images.vnncdn.net/files/publish/2022/5/19/lien-hiep-hoi-khktvn-1-1072.jpg",Công nghệ,"Theo thông tin từ Liên hiệp các Hội Khoa học và Kỹ thuật Việt Nam, đơn vị này sẽ tiến hành tổ chức buổi lễ tôn vinh trí thức khoa học và công nghệ tiêu biểu năm 2022. Liên hiệp các Hội Khoa học và Kỹ thuật Việt Nam là tổ chức chính trị - xã hội của đội ngũ trí thức khoa học và công nghệ (KH&CN) Việt Nam. Từ năm 2015, Liên hiệp Hội Việt Nam đã tổ chức tôn vinh trí thức KH&CN tiêu biểu định kỳ hai năm một lần. Sau ba lần triển khai, sự kiện này đã góp phần tích cực vào công tác vận động trí thức và thúc đẩy sáng tạo KH&CN. Việc tổ chức buổi lễ tôn vinh các trí thức   tiêu biểu cũng đã góp phần nâng cao nhận thức của toàn xã hội về vị trí, vai trò của đội ngũ trí thức Việt Nam. Những người được lựa chọn tôn vinh là trí thức hoạt động trong các viện, trung tâm, cơ sở nghiên cứu, trường đại học, doanh nghiệp hoặc các cơ quan của các ngành, lĩnh vực, địa phương hoặc trong hệ thống Liên hiệp các Hội Khoa học và Kỹ thuật Việt Nam từ 10 năm trở lên. Đó là những cá nhân có uy tín khoa học, có nhiều đóng góp thiết thực, hiệu quả và có tầm ảnh hưởng đến sự phát triển của ngành, được xã hội công nhận. Theo ông Phạm Hữu Duệ - Trưởng Ban tổ chức và Chính sách hội (Liên hiệp các Hội Khoa học và Kỹ thuật Việt Nam), đối tượng của lễ tôn vinh là các nhà khoa học người Việt có đóng góp trong việc tập hợp, đoàn kết trí thức người Việt, không phân biệt họ có phải thành viên của Liên hiệp hội hay không. Trong 106 trí thức được vinh danh đợt này, có 50 trí thức do các Liên hiệp hội địa phương đề cử, 40 trí thức do các Hội ngành toàn quốc đề cử, 16 trí thức do Hội đồng xét chọn đề cử. Theo Liên hiệp các Hội Khoa học và Kỹ thuật Việt Nam, trong các nhà khoa học được vinh danh, 68 người có học hàm, học vị từ phó giáo sư, tiến sĩ trở lên, 20 người có học vị thạc sĩ, 18 người có học vị cử nhân và tương đương. Đáng chú ý, trong danh sách này có sự góp mặt của 2 Anh hùng lao động. Độ tuổi bình quân của 106 trí thức khoa học và công nghệ được vinh danh là 63 tuổi. Hai trí thức cao tuổi nhất được vinh danh là GS.TS.BS. Hoàng Bảo Châu (SN 1929, 93 tuổi) - nguyên Phó Chủ tịch Tổng hội Y học Việt Nam và GS.TS. Lê Xuân Tùng (SN 1936, 86 tuổi) - nguyên Ủy viên Bộ Chính trị, nguyên Bí thư Thành ủy Hà Nội.",Trọng Đạt," Khoa học , công nghệ ",19/05/2022   17:39 (GMT+07:00),"Tôn vinh các trí thức hàng đầu Việt Nam về khoa học, công nghệ",https://vietnamnet.vn/ton-vinh-cac-tri-thuc-hang-dau-viet-nam-ve-khoa-hoc-cong-nghe-2021157.html
Canada cấm Huawei và ZTE tham gia mạng 5G; Hàn Quốc điều tra LUNA; Ấn Độ ra tối hậu thư cho các doanh nghiệp VPN và đám mây;... là những thông tin nổi bật trong bản tin Công nghệ thứ 7 tuần này.,,,Công nghệ,,Hải Nguyên - Đinh Tuấn," Huawei , LUNA , Công nghệ thứ 7 , ZTE ",21/05/2022   06:05 (GMT+07:00),"Canada cấm Huawei và ZTE, LUNA bị điều tra",https://vietnamnet.vn/canada-cam-huawei-va-zte-luna-bi-dieu-tra-2021683.html
"Ngày 19/5, chính phủ Canada cho biết nhà mạng Canada bị cấm lắp đặt thiết bị Huawei và ZTE trong mạng 5G tốc độ cao.",,https://static-images.vnncdn.net/files/publish/2022/5/20/huawei-155.jpeg,Công nghệ,"Trước đó, Canada là thành viên duy nhất trong liên minh tình báo Five Eyes không cấm hay hạn chế sử dụng thiết bị Huawei trong mạng 5G của mình. Mỹ và các nước khác – Anh, Australia và New Zealand – đều đã cấm cửa hãng công nghệ Trung Quốc. Lệnh cấm của Canada cũng bao gồm ZTE, một trong các công ty công nghệ lớn nhất Trung Quốc. Theo Bộ trưởng Công nghiệp François-Philippe Champagne, những nhà cung cấp dịch vụ viễn thông đã lắp đặt thiết bị sẽ được yêu cầu ngừng sử dụng và loại bỏ. Tuy nhiên, họ không được đền bù. Các nhà mạng lớn trong nước đã bắt đầu hợp tác với các nhà cung cấp thiết bị khác. Bộ trưởng An ninh công cộng Marco Mendicino cho rằng “có nhiều thế lực thù địch sẵn sàng khai thác lỗ hổng quốc phòng của chúng ta”. Ông nói chính phủ đã thực hiện đánh giá toàn diện và gấp đôi nỗ lực bảo vệ người Canada. Chính phủ Mỹ đã vận động các nước đồng minh như Canada nhiều năm nay để loại trừ   khỏi mạng 5G với nỗi lo bị theo dõi. Mỹ cảnh báo sẽ cân nhắc việc chia sẻ thông tin tình báo với bất kỳ nước nào còn dùng thiết bị Huawei. Huawei liên tục phủ nhận cáo buộc. Người phát ngôn Huawei chia sẻ, công ty thất vọng song không bất ngờ trước quyết định của Canada. “Chúng tôi xem đây là một quyết định chính trị, sinh ra từ áp lực chính trị chủ yếu từ Mỹ”. Phát ngôn viên tin tưởng thiết bị Huawei sẽ có mặt tại Canada trong các năm tới. Công ty hiện có hơn 1.500 nhân viên tại Canada và hơn 2/3 đang làm công việc nghiên cứu. Phát triển   sẽ giúp mọi người có tốc độ kết nối nhanh hơn, mang đến năng lực dữ liệu khổng lồ để đá ứng nhu cầu tăng mạnh khi ngày càng nhiều thứ kết nối với Internet và những công nghệ mới như thực tế ảo, game nhập vai, xe tự lái. Huawei là nhà cung ứng thiết bị mạng cho các công ty viễn thông lớn nhất thế giới. Họ là biểu tượng của Trung Quốc trên hành trình trở thành cường quốc công nghệ, đồng thời cũng là đối tượng gây lo ngại của các nhà hành pháp, an ninh Mỹ. Năm 2021, Mỹ, Canada và Trung Quốc đã thực hiện một “vụ trao đổi” quan trọng, liên quan đến ái nữ Huawei Mạnh Vãn Chu. Trung Quốc bắt giữ hai người Canada không lâu sau khi Canada bắt bà Mạnh – Giám đốc Tài chính Huawei – theo yêu cầu của Mỹ. Hai người Canada được trở về nước cùng ngày với ngày bà Mạnh quay về Trung Quốc sau khi đạt thỏa thuận với nhà chức trách Mỹ. Theo ông Guy Saint-Jacques, cựu đại sứ Canada tại Trung Quốc, “quyết định (cấm Huawei) lẽ ra nên được thực hiện 2 hay 3 năm trước, tuy nhiên, muộn còn hơn không”. Ông dự đoán Trung Quốc sẽ sớm trả đũa.",Du Lam ," Huawei , ZTE , 5G ",20/05/2022   08:29 (GMT+07:00),Canada cấm thiết bị Huawei và ZTE khỏi mạng 5G,https://vietnamnet.vn/canada-cam-thiet-bi-huawei-va-zte-khoi-mang-5g-2021320.html
"Do nhu cầu sở hữu xe cổ tăng đột biến, nhiều người muốn chuyển đổi điện khí hoá xe cổ, phương tiện nằm trong phân khúc cao cấp.",,,Công nghệ,,M.B," xe điện , xe cổ ",20/05/2022   13:30 (GMT+07:00),Điện khí hoá xe cổ cao cấp phức tạp như thế nào?,https://vietnamnet.vn/dien-khi-hoa-xe-co-cao-cap-phuc-tap-nhu-the-nao-2021339.html
"Theo nguồn tin, các giám đốc Apple đã trình diễn thiết bị thực tế hỗn hợp cho ban lãnh đạo vào tuần trước, cho thấy bước tiến lớn đáng khích lệ.",,https://static-images.vnncdn.net/files/publish/2022/5/20/untitled-564.jpg,Công nghệ,"Ban lãnh đạo Apple bao gồm 8 giám đốc độc lập và CEO Tim Cook, được triệu tập ít nhất 4 lần mỗi năm. Theo nguồn tin giấu tên, một phiên bản của thiết bị thực tế hỗn hợp đã được trình diễn trước các giám đốc trong buổi gặp mới nhất. Vài tuần gần đây, Apple đã tăng tốc phát triển rOS – hệ điều hành thực tế dành cho thiết bị. Tiến trình này, kết hợp với việc trình diễn sản phẩm, gợi ý màn ra mắt có thể diễn ra trong vài tháng tới. Thiết bị bao gồm các yếu tố của cả thực tế ảo lẫn thực tế tăng cường, là ván cược lớn tiếp theo của “táo khuyết”. Nó sẽ đưa gã khổng lồ Mỹ vào một ngành công nghiệp còn non trẻ, đang chịu sự thống trị của Meta. Apple đặt mục tiêu giới thiệu thiết bị sớm nhất vào cuối năm 2022 hoặc lúc nào đó năm 2023, trước khi phát hành vào năm sau. Theo Bloomberg, công ty dự định công bố tại hội nghị dành cho nhà phát triển tháng 6 này nhưng gặp nhiều khó khăn về nội dung và quá nhiệt.  Hiện tại, mảng thiết bị chiếm 80% doanh số hàng năm của Apple. Dù liên tục đạt kỷ lục, vấn đề chuỗi cung ứng và lo ngại người tiêu dùng thắt chặt chi tiêu đã ảnh hưởng đến giá cổ phiếu của hãng. Cho đến nay, cổ phiếu Apple giảm khoảng 23%. Ban lãnh đạo Apple thường là nhóm đầu tiên được mục sở thị các sản phẩm tương lai. Chẳng hạn, trợ lý ảo Siri được trình diễn trước các lãnh đạo vài tuần trước khi giới thiệu ra công chúng trong năm 2011, cùng thời điểm Steve Jobs từ chức CEO. Thiết bị đeo (headset) sử dụng bộ xử lý tiên tiến, ngang bằng trong máy tính Mac cũng như màn hình độ phân giải siêu cao. Dù bản đầu tiên cung cấp cả thực tế ảo (VR) lẫn thực tế tăng cường (AR), công ty đang phát triển kính AR độc lập, tên mã N421. Không như VR, AR sẽ chiếu hình ảnh và thông tin kỹ thuật số trên nền thế giới thực. Thiết bị hiện tại có tên mã N301 đã được phát triển từ khoảng năm 2015. Dự án nằm dưới sự dẫn dắt của Phó Chủ tịch Mike Rockwell và Dan Riccio, cựu Giám đốc Kỹ thuật phần cứng. Khoảng 2.000 nhân viên thuộc bộ phận phát triển công nghệ (TDG) đang làm việc cho dự án. TDG bao gồm các cựu trưởng nhóm kỹ thuật phần cứng, phần mềm của iPhone, iPad và Mac, bên cạnh các nhân sự mời về từ Nasa và các xưởng game, đồ họa, âm thanh. Tuy nhiên, bộ phận cũng mất vài tên tuổi chủ chốt vào tay Meta và vài công ty khác. Nhóm phát triển thiết bị làm việc tại văn phòng Sunnyvale, California, cách trụ sở Cupertino vài dặm. Thiết bị gặp một số thách thức trong quá trình phát triển như ứng dụng và nội dung hấp dẫn. Trở ngại kỹ thuật bao gồm nhiệt độ và camera trên thiết bị. Nhóm đang nghiên cứu phiên bản AR cho các ứng dụng iPhone cốt lõi cho headset, cũng như các ứng dụng mới để xử lý các thao tác như truyền phát nội dung nhập vai hay tổ chức hội nghị ảo. Ngoài ra, thiết bị còn vấp phải sự phản đối của cựu Giám đốc thiết kế Jony Ive, người không tin rằng Apple nên ra mắt một sản phẩm đưa mọi người ra khỏi thế giới thực. Ive đã rời Apple năm 2019, yêu thích ý tưởng kính AR hơn. Nếu trở thành sự thật và được bán ra thị trường, headset của Apple sẽ cạnh tranh với các ông lớn khác như Meta, Sony, Microsoft. Meta và Google cũng đang phát triển kính AR độc lập cho tương lai. Meta sẽ ra mắt headset thực tế hỗn hợp trong vài tháng tới, tương tự thiết bị của Apple. Sản phẩm mang tên mã Project Cambria, được định giá hơn 800 USD. Trong khi đó, theo nguồn tin của Bloomberg, headset Apple có giá trên 2.000 USD. Hãng tin sẽ bán được 1 máy mỗi ngày tại mỗi cửa hàng Apple. Thị trường headset AR và VR tăng trưởng 92% năm 2021 lên 11 triệu máy, theo dữ liệu từ hãng nghiên cứu IDC. Headset Quest 2 của Meta dẫn đầu thị trường với khoảng 78% doanh số năm ngoái. Sự góp mặt của Apple được dự đoán sẽ giúp doanh số tăng đáng kể nhờ vào sức mạnh tiếp thị và hệ sinh thái sản phẩm của hãng.",Du Lam ," Apple , thực tế ảo , Thực tế tăng cường ",20/05/2022   14:26 (GMT+07:00),"Thiết bị thực tế ảo Apple đạt bước tiến lớn, Facebook đến lúc phải dè chừng",https://vietnamnet.vn/thiet-bi-thuc-te-ao-apple-dat-buoc-tien-lon-facebook-den-luc-phai-de-chung-2021409.html
"Công an TP Thủ Đức, TP.HCM đang điều tra làm rõ nguyên nhân vụ tai nạn đường thủy giữa mô tô nước với sà lan làm hai người tử vong.",,https://static-images.vnncdn.net/files/publish/2022/5/21/280418919-504974267993550-4882719435297329390-n-383.jpg,Thời sự,"Nguồn tin VietNamNet xác nhận, khoảng 16h15 chiều qua (20/5), anh Trịnh Hoài Long (32 tuổi, ngụ quận Bình Thạnh) và Nguyễn Hữu Tài (38 tuổi, ngụ quận Tân Bình) điều khiển mô tô nước lưu thông với tốc độ cao trên sông Sài Gòn theo hướng từ Phú Mỹ Hưng qua Thanh Đa. Khi phương tiện di chuyển đến khu vực thuộc phường Thảo Điền, TP Thủ Đức đâm vào mạn trái của sà lan đang di chuyển. Lực tông mạnh khiến hai người rơi xuống nước tử vong. Sau khi sự việc xảy ra, Phòng Cảnh sát đường thủy đã chỉ đạo đơn vị Thủy Đội điều động lực lượng tiến hành bảo vệ hiện trường, điều tiết giao thông, nắm các thông tin có liên quan đến vụ tai nạn.  Phương tiện mô tô nước và hai nạn nhân đã được người dân kéo vào bờ và dùng dây cột cố định vào bờ kè đường số 1, khu phố 3, phường Thảo Điền. CA TP Thủ Đức đã đến hiện trường để tiến hành các bước lập hồ sơ ban đầu tại hiện trường. Hiện nay, phòng cảnh sát đường sông PC08B đang tạm giữ các phương tiện liên quan đến tai nạn.",Thảo Nguyên," tai nạn giao thông , tai nạn đường thủy , Tai nạn , TPHCM ",21/05/2022   13:04 (GMT+07:00),"Mô tô nước đâm vào sà lan trên sông Sài Gòn, hai người tử vong",https://vietnamnet.vn/mo-to-nuoc-dam-vao-sa-lan-tren-song-sai-gon-hai-nguoi-tu-vong-2021795.html
"Theo Thời báo New York, các clip đăng lại về vụ tấn công đôi khi còn xuất hiện cùng với quảng cáo của Facebook.",,https://static-images.vnncdn.net/files/publish/2022/5/20/facebook-buffalo-880.jpg,Công nghệ,"Cho tới thời điểm này, Facebook vẫn đang “vật lộn” để ngăn chặn đoạn video về vụ xả súng hàng loạt kinh hoàng cuối tuần trước ở Buffalo, New York. Bên cạnh đó, các cụm từ khóa dẫn đến các video vụ xả súng vẫn xuất hiện “nhan nhản” trên nền tảng khiến cho công tác kiểm soát của Facebook càng thêm khó khăn. Thời báo New York cho biết, các tìm kiếm liên quan đến video vụ xả súng còn đi kèm với quảng cáo cho một bộ phim kinh dị, các công ty quần áo và dịch vụ phát trực tuyến video. Trên thực tế, đây không phải là lần đầu Facebook gặp vấn đề này. Trước đó 3 năm, vụ nổ súng tại nhà thờ Christchurch cũng khiến cho dư luận hoài nghi về công tác kiểm duyệt của Facebook, khi mà nền tảng này thực sự đề xuất các từ khóa được cho là “đang phổ biến” liên quan đến video về vụ nổ súng. Tương tự như các vụ xả súng trước đây, cảnh quay ban đầu được phát trực tiếp trên Twitch bởi tay súng ở Buffalo khiến các nền tảng khác khó ngăn chặn hơn. Hiện, Facebook vẫn tích cực xử lý các bản sao được phát tán trên nền tảng của mình. Tuy nhiên, việc Facebook hiển thị quảng cáo bên cạnh những video này đặt ra câu hỏi: Liệu công ty có ưu tiên lợi nhuận lên trên sự an toàn hay không? Trong một tuyên bố, phát ngôn viên của Facebook nói rằng họ đang cố gắng bảo vệ những người sử dụng dịch vụ của mình khỏi nhìn thấy nội dung khủng khiếp này, ngay cả khi những kẻ xấu đang cố gắng làm họ chú ý đến nó.",Thái Hoàng ," Facebook , Buffalo ",20/05/2022   16:24 (GMT+07:00),Facebook gặp khó khăn khi xử lý video thảm sát hàng loạt tại Buffalo,https://vietnamnet.vn/facebook-gap-kho-khan-khi-xu-ly-video-tham-sat-hang-loat-tai-buffalo-2021399.html
"Tại buổi gặp mặt các chuyên gia Mạng lưới đổi mới sáng tạo Việt Nam, Bộ trưởng Nguyễn Chí Dũng khuyến khích đội ngũ doanh nhân người Việt tại Mỹ: “Đem ước mơ về lại Việt Nam để phát triển cùng đất nước.”",,"https://static-images.vnncdn.net/files/publish/2022/5/20/dmst-bo-truong-nguyen-chi-dung-2-1023.jpg,https://static-images.vnncdn.net/files/publish/2022/5/20/dmst-vu-duy-thuc-1024.jpg,https://static-images.vnncdn.net/files/publish/2022/5/20/dmst-bo-truong-nguyen-chi-dung-1025.jpg",Công nghệ,"Trong khuôn khổ chuyến thăm chính thức của Thủ tướng Phạm Minh Chính cùng phái đoàn Việt Nam tới thăm và làm việc tại Hoa Kỳ, Mạng lưới đổi mới sáng tạo (ĐMST) Việt Nam tại Hoa Kỳ đã tổ chức cuộc họp mặt và ra mắt Ban thường trực tại Thành phố San Francisco. Tham dự chương trình có Bộ trưởng Bộ Kế hoạch và Đầu tư (KH&ĐT) Nguyễn Chí Dũng, Bộ trưởng Bộ ngoại giao Bùi Thanh Sơn cùng đại diện các Mạng lưới ĐMST ở các nước Nhật Bản, Hàn Quốc, châu Âu và Úc. Mạng lưới đổi mới sáng tạo Việt Nam được công bố thành lập năm 2018 tại Hà Nội nhằm thúc đẩy xây dựng một hệ sinh thái đổi mới sáng tạo để hỗ trợ tốt nhất cho các công ty khởi nghiệp cũng như các ý tưởng đổi mới sáng tạo đột phá, giúp doanh nghiệp tăng trưởng cao nhằm phát triển kinh tế quốc gia.  Thành viên của Mạng lưới ĐMST tại Hoa Kỳ gồm hơn 50 tiến sĩ, thạc sĩ đang làm việc tại các trường đại học và tập đoàn công nghệ lớn như Facebook, Google, NASA, Cisco cùng nhiều tên tuổi khác.  Trong những năm qua, ban thường trực Mạng lưới đổi mới sáng tạo Việt Nam tại Hoa Kỳ đã đóng vai trò là người giới thiệu cho các nhà khoa học, các startup, các nhà sáng chế gốc Việt biết đến Mạng lưới  Việt Nam và tham gia đông đảo vào mạng lưới này. Trung tâm đổi mới sáng tạo quốc gia (NIC, Bộ KH&ĐT) chính là đầu mối trực tiếp để hỗ trợ, kết nối những ý tưởng, dự án liên quan đến Việt Nam khi các đối tác về Việt Nam. Trong gần 3 năm hoạt động, nhận được sự bảo trợ của Bộ trưởng Nguyễn Chí Dũng và Trung tâm đổi mới sáng tạo Quốc gia, nhiều hoạt động của cộng đồng trí thức, doanh nhân công nghệ ở Thung lũng Silicon đã được thúc đẩy nhanh chóng, thuận lợi. Trong đó, có thể kể đến dự án Giải Mã Gen Genetica với công nghệ bản quyền dành cho người châu Á, dự án GmarTech đào tạo nhân lực Marketing Digital, Dự án STEAM for Vietnam, Dự án đào tạo công nghệ Blockchain và nhiều dự án công nghệ cao khác. Chia sẻ tại buổi gặp mặt, Bộ trưởng Bộ Kế hoạch và Đầu tư Nguyễn Chí Dũng cho biết: “Đã có nhiều bạn phải thường xuyên di chuyển giữa Mỹ và Việt Nam để thực hiện những dự án được ấp ủ ở Thung lũng Silicon. Thời gian qua, do dịch Covid-19 nên nhiều dự án có thể đã bị gián đoạn. Tôi hy vọng rằng, trong thời gian tới, sẽ có thêm nhiều bạn đang ngồi đây cũng như ở Hoa Kỳ sẽ đem những ước mơ đó về lại Việt Nam để phát triển cùng đất nước.” Theo bà Nguyễn Ngọc Dung - người điều phối chính trong quá trình vận động, kết nối của NIC với các chuyên gia và trí thức người Việt tại San Francisco tham gia vào Mạng lưới: “NIC sẽ tiếp tục bảo trợ, phối hợp và kết nối các hoạt động nhằm quy tụ và phát huy nguồn lực trí thức to lớn của người Việt ở khắp nơi trên thế giới, góp phần thúc đẩy đổi mới sáng tạo của Việt Nam”. Trong thời gian tới, Mạng lưới ĐMST Việt Nam tại Hoa Kỳ sẽ phối hợp cùng Trung tâm ĐMST Quốc gia (NIC) để thúc đẩy 5 lĩnh vực gồm giáo dục STEM, hỗ trợ doanh nghiệp, công nghệ bán dẫn, công nghệ sinh học, và công nghệ chuỗi khối (Blockchain).",Trọng Đạt," Đổi mới sáng tạo , Trí thức , Chuyên gia , STEM , Blockchain , Công nghệ ",20/05/2022   19:07 (GMT+07:00),Bộ trưởng Nguyễn Chí Dũng họp mặt Mạng lưới đổi mới sáng tạo Việt Nam tại Mỹ,https://vietnamnet.vn/bo-truong-nguyen-chi-dung-hop-mat-mang-luoi-doi-moi-sang-tao-viet-nam-tai-my-2021516.html
Tổng công ty Bưu điện Việt Nam (Vietnam Post) vừa ra mắt Trung tâm Kinh doanh Chuyển phát Thương mại điện tử Hà Nội. Đây được coi là một trong những “cú hích” quan trọng trong lĩnh vực chuyển phát thương mại điện tử trong nước.,,"https://static-images.vnncdn.net/files/publish/2022/5/21/vnpost-1-366.jpg,https://static-images.vnncdn.net/files/publish/2022/5/21/vnpost-2-367.jpg",Công nghệ,"Với nhiệm vụ chính là điều hành kinh doanh, thiết kế các dịch vụ chuyển phát thương mại điện tử (TMĐT) phù hợp với nhu cầu của thị trường, Trung tâm Kinh doanh chuyển phát Thương mại điện tử Hà Nội sẽ là một mắt xích quan trọng kết nối người mua và người bán hàng online trên toàn quốc. Trung tâm sẽ vận hành và quản lý 6 hub lớn chuyên biệt về hàng TMĐT trên toàn thành phố Hà Nội. Năm 2022, Trung tâm đặt mục tiêu sản lượng sẽ đạt gần 48,2 triệu tấn hàng TMĐT.  Việc xây dựng một Trung tâm phục vụ chuyên biệt hàng hóa thương mại điện tử với sự đầu tư cả về hệ thống cơ sở hạ tầng cả về ứng dụng công nghệ không chỉ đáp ứng nhu cầu ngày càng sôi động của thị trường mà còn làm phong phú thêm trải nghiệm của khách hàng. Bên cạnh đó chất lượng dịch vụ chuyển phát hàng thương mại cũng được nâng cao rõ rệt, tốc độ giao hàng nhanh hơn, giá thành hợp lý hơn, qua đó giúp các doanh nghiệp thương mại điện tử kinh doanh hiệu quả hơn, đồng thời cũng tạo động lực cho thương mại điện tử tại Việt Nam phát triển mạnh mẽ trong thời gian tới. Ngay khi đi vào hoạt động, Trung tâm sẽ mở rộng thêm các kênh bán tiềm năng thông qua mạng xã hội, các sàn TMĐT, hệ thống cộng tác viên cũng như đại lý TMĐT. Đồng thời đồng bộ, chuyên nghiệp hóa hoạt động cung cấp dịch vụ, chăm sóc khách hàng, đẩy nhanh tốc độ đối soát thanh toán; mở rộng thêm các dịch vụ cho cả khách hàng lẫn nội bộ.  Ông Nguyễn Kiên Cường, Phó Tổng Giám đốc Tổng công ty Bưu điện Việt Nam cho biết, Chuyển phát TMĐT được xác định là một trong 3 trục kinh doanh chính của Vietnam Post. Trung tâm Kinh doanh Chuyển phát TMĐT Hà Nội sẽ là “cú hích” lớn trong lĩnh vực chuyển phát TMĐT.  “Sự thay đổi này sẽ mang đến khí thế mới, nguồn lực mới tạo sự bứt phá trong lĩnh vực kinh doanh TMĐT của Bưu điện Việt Nam. Mỗi bước đi, mỗi hoạt động của Trung tâm sẽ gắn với sự kì vọng, niềm tin và hơn hết là trách nhiệm đối với lĩnh vực kinh doanh trọng yếu của Tổng công ty. Trung tâm cần tổ chức hoạt động hiệu quả, mang lại những giá trị khác biệt, tạo được sự tin yêu của đông đảo khách hàng”, ông Nguyễn Kiên Cường khẳng định.",Xuân Thạch," Vietnam Post , Bưu điện , thương mại điện tử ",21/05/2022   12:15 (GMT+07:00),Vietnam Post ra mắt trung tâm chuyên biệt về chuyển phát thương mại điện tử,https://vietnamnet.vn/vietnam-post-ra-mat-trung-tam-chuyen-biet-ve-chuyen-phat-thuong-mai-dien-tu-2021778.html
"Với sự hỗ trợ của các chuyên gia Tổ Công tác 1034, hơn 100 Đoàn viên ở hai tỉnh Sóc Trăng, Vĩnh Long đã nắm bắt được kỹ năng cơ bản về kinh doanh trên sàn thương mại điện tử.",,https://static-images.vnncdn.net/files/publish/2022/5/18/ngnupguw-1266.jpg,Công nghệ số & Truyền thông,"Chiều 18/5, Tổ Công tác 1034 – Bộ Thông tin và Truyền thông triển khai chương trình tập huấn trực tuyến về chuyển đổi số, kỹ năng kinh doanh thương mại điện tử cho hơn 100 Đoàn viên ở hai tỉnh Sóc Trăng, Vĩnh Long. Ông Dương Tôn Bảo, Phó Vụ trưởng Vụ Bưu chính, Tổ phó Tổ Công tác 1034 cho biết: Năm 2021, Bộ Thông tin và Truyền thông đã ban hành Kế hoạch số 1034 hỗ trợ đưa hộ sản xuất nông nghiệp lên sàn thương mại điện tử, thúc đẩy phát triển kinh tế số nông nghiệp, nông thôn. Nội dung chính của Kế hoạch gồm: Hỗ trợ đưa hộ sản xuất nông nghiệp lên sàn thương mại điện tử; Hỗ trợ đẩy mạnh tiêu thụ sản phẩm nông nghiệp; Cung cấp thông tin, nguyên liệu đầu vào phục vụ sản xuất kinh doanh.  Thời gian qua, các địa phương đều rất tích cực triển khai Kế hoạch số 1034 và bước đầu có kết quả tốt. Điển hình như 1 hợp tác xã tại xã Yên Hòa (huyện Yên Mô, tỉnh Ninh Bình): Sản phẩm được đưa lên các sàn thương mại điện tử để bán qua mạng, thành viên hợp tác xã tăng thu nhập từ 1,5 triệu đồng/tháng lên 4 – 5 triệu đồng/tháng. “Chương trình tập huấn lần này cho Đoàn viên của hai tỉnh Sóc Trăng, Vĩnh Long cũng là một trong những nội dung triển khai Kế hoạch số 1034. Tài liệu tập huấn được đăng tải trên Cổng thông tin điện tử 1034 ( ) và sẽ được chuyển giao cho các huyện Đoàn, xã Đoàn để tiếp tục đào tạo cho các Đoàn viên, thanh niên ở địa phương. Sau buổi tập huấn, nếu các Đoàn viên có thể áp dụng kiến thức được học vào thực tế thì sẽ góp phần thúc đẩy phát triển kinh tế tại địa phương, đặc biệt là kinh tế số”, ông Dương Tôn Bảo nói. Trong chiều 18/5, các chuyên gia của Tổ 1034 đã giúp các học viên nắm được mô hình chuyển đổi số chuỗi sản xuất; cách thức xây dựng thương hiệu cho sản phẩm nông sản, sản phẩm OCOP; các kỹ năng cơ bản để kinh doanh trên hai sàn thương mại điện tử Postmart (Postmart.vn của Tổng Công ty Bưu điện Việt Nam) và Vỏ Sò (Voso.vn của Tổng Công ty Cổ phần Bưu chính Viettel)… Qua phần kiểm tra trắc nghiệm cuối buổi, 6 học viên làm bài nhanh và đúng nhất được trao Giấy chứng nhận hoàn thành xuất sắc khóa tập huấn lần này. Tập huấn kỹ năng kinh doanh số là một trong những nội dung chính của Chương trình tập huấn “Chuyển giao khoa học, công nghệ cho cán bộ, Đoàn viên, thanh niên theo hình thức trực tuyến năm 2022” do Trung tâm Phát triển khoa học công nghệ và tài năng trẻ - Trung ương Đoàn Thanh niên cộng sản Hồ Chí Minh chủ trì, phối hợp tổ chức tại nhiều tỉnh, thành trên cả nước. Dự kiến chương trình tập huấn tiếp theo sẽ được triển khai trong 2 ngày 8 - 09/6 cho các Đoàn viên ở 3 tỉnh: Yên Bái, Sơn La, Lào Cai.",Bình Minh, 1034 ,19/05/2022   06:46 (GMT+07:00),"Đoàn viên ở Sóc Trăng, Vĩnh Long học cách “lên sàn”",https://vietnamnet.vn/doan-vien-o-soc-trang-vinh-long-hoc-cach-len-san-2020894.html
CMC Telecom đã hợp tác với Uniphore - công ty hàng đầu trong lĩnh vực cung cấp giải pháp tự động hóa đàm thoại (Conversational Automation).,,https://static-images.vnncdn.net/files/publish/2022/5/20/uniphore-1-939.jpg,Công nghệ,"Quan hệ đối tác chiến lược này sẽ tạo điều kiện giúp CMC Telecom cung cấp cho khách hàng các giải pháp quản lý trải nghiệm khách hàng và truyền thông toàn diện với các giải pháp tùy chỉnh theo quy trình đầu cuối hoàn thiện trên nền tảng tự động hóa đàm thoại (Conversational Automation) của Uniphore.   CMC Telecom và Uniphore sẽ ứng dụng các tính năng nâng cao trải nghiệm khách hàng vào các lĩnh vực khác nhau, bao gồm: dịch vụ tài chính và bảo hiểm, ngân hàng, thị trường thương mại điện tử và viễn thông. Ông Lê Anh Vũ - Giám đốc Sáng tạo (CIO - Chief Innovation Officer), kiêm Giám đốc Khối Công nghệ Điện toán đám mây, CMC Telecom cho biết: “Việc hợp tác với Uniphore sẽ đem đến những giá trị thiết thực cho khách hàng của CMC Telecom, đồng thời giúp chúng tôi hoàn thiện hệ sinh thái sản phẩm dịch vụ trên cơ sở hạ tầng điện toán đám mây nói chung, cũng như đẩy mạnh các dịch vụ Thoại và Truyền thông hợp nhất - một trong những chiến lược quan trọng nhằm đưa CMC trở thành tập đoàn tỷ đô vào năm 2025”.  Theo ông Vũ, quan hệ đối tác chiến lược này mang đến trải nghiệm khách hàng vượt trội, cũng như đem lại những lợi ích ngắn hạn và dài hạn. Như đưa ra những gợi ý và hướng dẫn cho nhân viên CSKH trong quá trình đàm thoại với khách nhằm đảm bảo tính nhất quán trong mọi cuộc gọi và tuân thủ các yêu cầu kinh doanh, từ đó loại bỏ mâu thuẫn, tranh cãi với khách hàng cũng như cải thiện trải nghiệm khách hàng. Bên cạnh đó, sự hợp tác sẽ mang đến những kết quả tốt hơn trong mọi tương tác với khách hàng bao gồm các cuộc gọi thoại, email và tin nhắn văn bản. định hình việc lập kế hoạch chiến lược và cải tiến hoạt động; Tích hợp công nghệ low code/no code cho phép các nhà phát triển phần mềm dễ dàng kéo và thả các thành phần, từ đó kết nối và tạo ra các ứng dụng, cho phép người dùng không chuyên về kỹ thuật đạt được những gì mà trước đây chỉ có thể làm được khi có kiến thức về lập trình. CMC Telecom là đơn vị mới nhất tham gia vào Chương trình Đối tác Unite của Uniphore được ra mắt vào cuối năm 2021. Chương trình này cung cấp cho đối tác các nguồn lực cần thiết để áp dụng công nghệ tiên tiến, phát triển danh mục sản phẩm và dịch vụ của họ nhằm nâng cao doanh thu.",Thúy Ngà, CMC Telecom ,21/05/2022   08:00 (GMT+07:00),CMC Telecom hợp tác Uniphore tối ưu hóa trải nghiệm khách hàng,https://vietnamnet.vn/cmc-telecom-hop-tac-uniphore-toi-uu-hoa-trai-nghiem-khach-hang-2021557.html
"Chất lượng camera chỉ đóng một phần vai trò trong việc chụp những bức ảnh đẹp. Với những lưu ý dưới đây, bạn vẫn có thể tạo ra những bức ảnh tuyệt vời ngay cả với smartphone cũ.",,https://static-images.vnncdn.net/files/publish/2022/5/19/bi-kip-chup-anh-dep-voi-dien-thoai-cu-122.jpg,Công nghệ,"Phần cứng không phải là yếu tố quyết định tất cả trong việc tạo ra những bức ảnh đẹp. Với những lưu ý dưới đây, bạn có thể chụp những bức ảnh tuyệt vời ngay cả với những smartphone cũ. Dù chụp ảnh bằng hệ thống camera chuyên nghiệp, nếu đặt sai bố cục khung hình, bạn sẽ không có bức ảnh đẹp. Một trong những lưu ý phổ biến nhất trong bố cục nhiếp ảnh là quy tắc 1/3. Khung hình được chia thành 9 phần bằng nhau bởi hai đường dọc và hai đường ngang. Bạn cần căn chỉnh sao cho vật thể dọc theo các đường này hoặc tại điểm mà hai đường giao nhau. Quy tắc này làm nổi bật và cân bằng đối tượng trong không gian và thời gian. Trên iPhone bạn có thể cài đặt bật sẵn phần khung lưới trong camera. Nếu điện thoại của bạn có cụm camera phía sau với khả năng zoom hoặc góc rộng, hãy thử các tùy chọn khác nhau này. Bạn có thể phóng to giúp loại bỏ các yếu tố gây mất tập trung phía sau, hoặc mở rộng ống kính để thu được nhiều cảnh đẹp phía trước. Nếu bạn không có chế độ xem góc rộng, hãy thử sử dụng chế độ toàn cảnh. Các công ty như Moment và Olloclip sản xuất ống kính rời để gắn vào điện thoại, cung cấp khả năng chụp góc rộng, chụp xa và thậm chí cả macro. Chắc chắn, sẽ bất tiện hơn khi bạn phải mang thêm một món đồ nhỏ trong túi, nhưng thêm một ống rời gắn vào điện thoại vào là một cách tuyệt vời để có được những bức ảnh siêu rộng thay vì phải chi một số tiền lớn để nâng cấp điện thoại. Định dạng hình ảnh ProRaw của Apple, được giới thiệu trên iPhone 12 Pro Max, có thể cho ra một bức ảnh chi tiết hơn và được tối ưu qua hàng loạt chế độ như Smart HDR, Deep Fusion. Ngoài ra cung cấp cho bạn tệp thô DNG để dễ dàng chỉnh sửa ảnh trong các ứng dụng như Adobe Lightroom. Đây không phải là một chức năng được tìm thấy trên các iPhone đời cũ hơn, nhưng bạn có thể sử dụng ứng dụng máy ảnh của ứng dụng thứ ba cung cấp chế độ chụp ảnh raw. Chẳng hạn như camera của Lightroom cho phép chụp ở dạng raw và tự động đồng bộ hình ảnh vào thư viện.  chỉ là một phần của quá trình tạo ra một bức ảnh đẹp. “Con mắt tinh tường” trong khâu chỉnh sửa có thể tạo nên sự khác biệt lớn. Hiện có rất nhiều các ứng dụng chỉnh sửa để khiến các bức ảnh của bạn trông sắc nét hoặc nghệ thuật hơn như: Lightroom, Snapseed, Remini… Các trình chỉnh sửa hình ảnh thô này cho phép bạn điều chỉnh màu sắc, độ phơi sáng, độ tương phản và nhiều hơn thế nữa. Những hình ảnh mang tính biểu tượng, có sức ảnh hưởng lớn không chỉ đơn giản là những hình được chụp bằng máy ảnh tốt nhất mà còn là những hình ảnh kể một câu chuyện cụ thể hoặc ghi lại một khoảnh khắc kịp thời. Chẳng hạn khi đi du lịch, hãy ghi lại tất cả những thứ làm cho chuyến đi trở nên đáng nhớ như đồ ăn ngon, những con phố cổ kính, người nhạc công chơi đàn ở quảng trường hay màu sắc rực rỡ của những gian hàng hoa trái ở chợ quê. Tất cả những yếu tố này sẽ kể một câu chuyện hình ảnh tuyệt vời khi bạn nhìn lại chúng. Trong khi các smartphone hàng đầu hiện nay như iPhone 13 Pro, Galaxy S22 Ultra hoặc Pixel 6 Pro có thể chụp ảnh ban đêm tuyệt vời, thì các mẫu cũ hơn có thể sẽ không có chế độ chụp ban đêm. Do đó, bóng tối sẽ là trở ngại lớn nhất để các dòng điện thoại cũ chụp được những hình ảnh đẹp. Vì thế nếu có điện thoại cũ, hãy cố gắng chụp ảnh trong điều kiện đủ sáng, hoặc tận dụng ánh sáng ban ngày để tìm kiếm độ tương phản do bóng đổ gây ra, từ đó tạo nên những bức hình ấn tượng.","Chú ý bố cục,Sử dụng ống kính rời,Để file ảnh Raw,Tận dụng các app chỉnh sửa,Kể chuyện,Tận dụng ánh sáng,Hương Dung"," smartphone , chụp ảnh ",19/05/2022   08:24 (GMT+07:00),Bí kíp chụp ảnh bằng smartphone cũ vẫn đẹp lung linh,https://vietnamnet.vn/bi-kip-chup-anh-bang-smartphone-cu-van-dep-lung-linh-2020921.html
"Theo Thứ trưởng Bộ KH&CN Lê Xuân Định, cần đẩy mạnh việc đào tạo nguồn nhân lực về khoa học, công nghệ, đổi mới sáng tạo từ chính các em học sinh, thế hệ măng non của đất nước.",,"https://static-images.vnncdn.net/files/publish/2022/5/20/ngay-hoi-stem-3-484.jpg,https://static-images.vnncdn.net/files/publish/2022/5/20/ngay-hoi-stem-1-485.jpg,https://static-images.vnncdn.net/files/publish/2022/5/20/ngay-hoi-stem-thu-truong-le-xuan-dinh-486.jpg",Công nghệ,"Sáng 20/5, Ngày hội STEM năm 2022 đã được tổ chức tại trụ sở Bộ Khoa học & Công nghệ (KH&CN). Ngày hội STEM là một hoạt động thường niên nhằm phổ biến và nâng cao nhận thức xã hội về giáo dục STEM - một mô hình giáo dục hiện đại đã được triển khai ở nhiều nước trên thế giới.  STEM là viết tắt của các từ Science (Khoa học), Technology (Công nghệ), Engineering (Kỹ thuật) và Math (Toán học).  Giáo dục STEM là một quan điểm dạy học theo tiếp cận liên ngành, từ hai trong số bốn lĩnh vực nêu trên trở lên. Trong đó, nội dung học tập được gắn với thực tiễn, còn phương pháp học tập được gắn với thực hành để học sinh làm quen với việc phát triển ý tưởng sáng tạo và nắm bắt định hướng nghề nghiệp ngay từ khi ngồi trên ghế nhà trường. Ở Việt Nam, giáo dục STEM đã được manh nha từ năm học 2006-2007, khi Bộ Giáo dục và Đào tạo thử nghiệm việc thành lập các nhóm nghiên cứu khoa học tại một số trường THPT để chuẩn bị tham gia cuộc thi khoa học - kỹ thuật ISEF cấp tỉnh/thành phố.  Sau đó, vào đầu những năm 2010, bắt đầu xuất hiện các doanh nghiệp nhập chương trình giáo dục STEM từ nước ngoài về và đưa vào dạy ngoại khóa tại một số trường phổ thông ở những thành phố lớn. Trong những năm qua, Bộ Giáo dục và Đào tạo đã có nhiều chủ trương ủng hộ và khuyến khích giáo dục STEM như đưa giáo dục STEM vào nhiệm vụ không bắt buộc của các trường THCS và THPT (năm 2014), chỉ đạo việc thành lập CLB STEM ở tất cả các trường phổ thông (năm 2015),... Gần đây nhất, Chương trình Giáo dục phổ thông nới được công bố vào cuối năm 2018 đã thể hiện sự đề cao giáo dục STEM ở việc yêu cầu dạy học tích hợp, tạo điều kiện tổ chức các chủ đề STEM, góp phần phát triển năng lực vận dụng kiến thức liên môn giải quyết các vấn đề thực tiễn cho học sinh. Ngày hội STEM là sự kiện được tổ chức lần đầu vào năm 2015 theo sáng kiến của Tạp chí Tia Sáng và Liên minh STEM, dưới sự bảo trợ của Bộ Khoa học và Công nghệ. Kể từ đó đến nay, sự kiện này được tổ chức thường niên vào dịp Ngày hội Khoa học và Công nghệ Việt Nam (18/5).  Những năm qua, Ngày hội STEM đã luôn thu hút đông đảo học sinh, giáo viên, phụ huynh, nhà nghiên cứu, chuyên gia, nhà quản lý và người yêu thích khoa học công nghệ. Nếu như ở những năm trước, Ngày hội STEM chỉ tập trung vào một sự kiện diễn ra tại Hà Nội thì lần này, Ngày hội STEM 2022 bao gồm một chuỗi hoạt động ở hơn 10 địa phương trên cả nước. Điều này cho thấy, giáo dục STEM đã bắt đầu lan tỏa và hình thành được nền tảng phát triển vững chắc từ dưới lên.  Sự kiện được tổ chức trực tiếp kết hợp trực tuyến với sự tham gia thuyết trình của khoảng 30 học sinh, sinh viên và thầy cô đến từ 13 tỉnh/thành phố: Hà Nội, TPHCM, Nam Định, Lạng Sơn, Yên Bái, Phú Thọ, Thái Nguyên, Lào Cai, Cao Bằng, Lai Châu, Hà Tĩnh, Phú Yên, Bến Tre. Tại Ngày hội STEM 2022, lần đầu tiên có một diễn đàn riêng để các em học sinh từ thành thị đến nông thôn và miền núi, từ trường chuyên danh tiếng đến trường làng giới thiệu các hoạt động học tập, sinh hoạt câu lạc bộ theo định hướng STEM. Chia sẻ tại Ngày hội STEM 2022, Thứ trưởng Bộ KH&CN Lê Xuân Định khẳng định, chuyển đổi số là một xu thế tất yếu, đã được Đảng, Chính phủ, Thủ tướng Chính phủ xác định là giải pháp để nâng cao năng lực, lợi thế cạnh tranh, tồn tại và phát triển.  Phương pháp tiếp cận liên môn, liên ngành thông qua giáo dục STEM là một cách tiếp cận phù hợp để nâng cao các kiến thức và   cho người trẻ. “Để đưa Việt Nam thoát khỏi bẫy thu nhập trung bình, trở thành nước phát triển, có thu nhập cao vào năm 2045, chúng ta phải đẩy mạnh các hoạt động đào tạo nguồn nhân lực từ chính các em học sinh, qua đó đẩy mạnh việc ứng dụng khoa học công nghệ và đổi mới sáng tạo để phát triển kinh tế xã hội của đất nước”, Thứ trưởng Lê Xuân Định nói.","Giáo dục STEM giúp phát triển năng lực vận dụng kiến thức liên môn ,Giáo dục STEM sẽ nâng cao kiến thức, kỹ năng chuyển đổi số cho giới trẻ,Trọng Đạt"," STEM , Giáo dục STEM , Kỹ năng số , Khoa học Công nghệ , Đổi mới sáng tạo , chuyển đổi số ",20/05/2022   13:31 (GMT+07:00),"Giáo dục STEM là cách tiếp cận phù hợp để nâng cao kiến thức, kỹ năng số",https://vietnamnet.vn/giao-duc-stem-la-cach-tiep-can-phu-hop-de-nang-cao-kien-thuc-ky-nang-so-2021394.html
"Ô tô đâm trực diện vào xe tải cẩu trên đại lộ Mai Chí Thọ (TP Thủ Đức), cả hai phương tiện cháy trơ khung, hai người tử vong.",,"https://static-images.vnncdn.net/files/publish/2022/5/21/z3430548532728-9d2b24e1ccc0c5464d4b08496c29a61b-151.jpg,https://static-images.vnncdn.net/files/publish/2022/5/21/z3430548527114-ace270a8c7304e535fe062815c005b52-152.jpg",Thời sự,"Công an TP Thủ Đức (TP.HCM) đang điều tra vụ tai nạn nghiêm trọng trên đại lộ Mai Chí Thọ đoạn qua khu vực cầu Cá Trê Lớn, phường An Lợi Đông. Khoảng 23h30 khuya hôm qua (20/5), người dân chứng kiến một ôtô loại 4 chỗ (chưa rõ BKS) chạy trên đường Trần Quý Kiên, hướng đảo Kim Cương ra Mai Chí Thọ. Khi phương tiện chạy đến giao lộ Mai Chí Thọ, ô tô này rẽ trái chạy ngược chiều trên đại lộ này hướng về hầm Thủ Thiêm. Ô tô chạy đến khu vực cầu Cá Trê Lớn đã tông trực diện xe tải cẩu chạy đúng chiều theo hướng ngược lại. Cú tông cực mạnh khiến hai phương tiện cháy ngùn ngụt. Tài xế xe tải cẩu mở cửa thoát kịp ra ngoài. Riêng hai người khác ngồi trên ôtô 4 chỗ tử vong tại chỗ (chưa rõ danh tính). Cảnh sát Phòng cháy chữa cháy và cứu nạn, cứu hộ Công an TP Thủ Đức đã khống chế vụ hỏa hoạn.",Thảo Nguyên," tai nạn giao thông , tai nạn chết người , chạy ngược chiều , đại lộ Mai Chí Thọ , TPHCM ",21/05/2022   10:13 (GMT+07:00),"Cú đâm trực diện khiến ô tô và xe tải cẩu cháy rụi, 2 người tử vong",https://vietnamnet.vn/cu-dam-truc-dien-khien-o-to-va-xe-tai-cau-chay-rui-2-nguoi-tu-vong-2021734.html
"Cơ quan Cảnh sát điều tra (C01-Bộ Công an) cho biết đã ban hành kết luận điều tra bổ sung vụ án hình sự Nguyễn Thế Kiên (SN 1983, quê Bắc Giang) cùng đồng phạm về hành vi chiếm đoạt tài sản.",,https://static-images.vnncdn.net/files/publish/2022/5/20/siddysps-981.jpeg,Thời sự,"Theo C01-Bộ Công an, vụ án trên xảy ra tại TP.HCM và một số tỉnh, thành phố khác. Việc điều tra bổ sung được thực hiện theo quyết định trả hồ sơ vụ án để điều tra bổ sung của Viện Kiểm sát nhân dân tối cao.   Sau quá trình điều tra bổ sung, ngày 10/5, Cơ quan Cảnh sát điều tra Bộ Công an đã ban hành bản kết luận điều tra bổ sung và chuyển toàn bộ hồ sơ vụ án đến Viện kiểm sát nhân dân tối cao đề nghị truy tố 6 bị can: Lê Đình Nhân, Nguyễn Thế Kiên, Nguyễn Hữu Trí, Hà Thanh Hòa, Nguyễn Thị An và Vũ Vi Minh Trí về tội Sử dụng mạng máy tính, mạng viễn thông, phương tiện điện tử thực hiện hành vi chiếm đoạt tài sản quy định tại khoản 4 Điều 290 Bộ luật Hình sự. Trước đó, ngày 30/3, TAND TP.HCM mở phiên xét xử sơ thẩm với các bị cáo nêu trên về cùng tội danh. Cơ quan tố tụng đến nay xác định các bị cáo chiếm đoạt số tiền 102 tỷ đồng của hơn 160 bị hại.  Ngày 31/3, TAND TP.HCM trả hồ sơ để điều tra bổ sung vụ án do vụ án có thêm gần 50 bị hại nộp đơn đến HĐXX. Theo hồ sơ, Kiên cùng đồng phạm có nhiều năm kinh doanh trong lĩnh vực đa cấp. Để chiếm đoạt tiền của nhà đầu tư, các đối tượng đã tổ chức phối hợp thành lập, điều hành hoạt động Công ty TNHH đầu tư khoáng sản Hoàng Long.  Tại đây, Kiên điều hành chỉ đạo chung, thuyết trình tại các hội thảo kêu gọi đầu tư. Các thành viên còn lại đảm nhận các vị trí dựng phần mềm, phát triển thị trường, kế toán... Tháng 6/2016, công ty được cấp giấy phép đăng ký doanh nghiệp có trụ sở đặt tại đường Nguyễn Huệ, quận 1, TP.HCM.  Sau khi được cấp đăng ký kinh doanh, Kiên cùng đồng phạm không thực hiện hoạt động kinh doanh theo ngành nghề đăng ký mà dùng thủ đoạn huy động vốn theo mô hình đa cấp nhị phân, lấy tiền của bị hại gửi sau trả cho người gửi tiền trước. Các thành viên công ty hưởng lợi từ chính tiền của bị hại. Bằng thủ đoạn nêu trên, từ ngày 1/6 đến 11/2016, Kiên cùng đồng phạm đã lấy được của 161 người bị hại tổng số tiền 102 tỷ đồng. Sau khi lấy được số tiền trên, Kiên và đồng phạm đã trả lại cho 161 bị hại 44 tỷ đồng.",," Đa cấp , Bộ Công An ",20/05/2022   18:12 (GMT+07:00),Bộ Công an đề nghị truy tố 'trùm đa cấp' Nguyễn Thế Kiên,https://vietnamnet.vn/bo-cong-an-de-nghi-truy-to-trum-da-cap-nguyen-the-kien-2021598.html
"3 đối tượng sử dụng súng gây rối trên phố Hàng Bè (quận Hoàn Kiếm, Hà Nội) đã bị lực lượng công an bắt giữ.",,https://static-images.vnncdn.net/files/publish/2022/5/20/gay-roi-954.jpeg,Thời sự,"Ngày 20/5, Công an quận Hoàn Kiếm đã tạm giữ hình sự đối tượng Đặng Ngọc Điệp (SN 1979, ở phường Đại Kim, quận Hoàng Mai); Nguyễn Xuân Chiến (SN 1976, ở ngõ Phất Lộc, phường Hàng Buồm, quận Hoàn Kiếm) và Nguyễn Đức Nam (sinh năm 1990, ở ngõ Phất Lộc, phường Hàng Buồm, quận Hoàn Kiếm) để làm rõ hành vi gây rối trật tự công cộng liên quan đến vụ dùng súng giải quyết mâu thuẫn trên phố Hàng Bè. Như đã đưa tin, khoảng 5h sáng cùng ngày (20/5), Công an quận Hoàn Kiếm nhận được tin báo của người dân về việc có vụ đánh nhau, có thanh niên cầm 2 tay 2 súng dọa bắt người trên phố Hàng Bè nên đã nhanh chóng triển khai các tổ công tác kịp thời có mặt tại hiện trường. Vào thời điểm trên, trước cửa số 11 Hàng Bè , phường Hàng Bạc, quận Hoàn Kiếm xuất 1 hiện 1 thanh niên 2 tay cầm 2 vật nghi như súng đứng chĩa vào một thanh niên đối diện. Thanh niên này bóp cò vật nghi là súng không nổ, cả 2 sau đó lao vào nhau đánh nhau, giằng co đến tận khu vực ngã ba Gia Ngư đầu chợ Hàng Bè. Công an quận Hoàn Kiếm nhanh chóng có mặt tại hiện trường thu giữ tại hiện trường 1 súng quân dụng K59, 1 súng bật lửa và nhanh chóng sơ cứu khi cả 2 đều bị thương sau cuộc ẩu đả. Cơ quan công an bước đầu làm rõ, do mâu thuẫn cá nhân, Đặng Ngọc Điệp đã cầm 2 tay 2 súng hẹn Nguyễn Xuân Chiến nói chuyện. Khi Nguyễn Xuân Chiến cùng Nguyễn Đức Nam vừa đi từ nhà ra khu vực phố Hàng Bè thì chạm trán nhau, Đặng Ngọc Điệp lập tức rút súng bắn nhưng đạn không nổ. Hiện vụ việc đang được điều tra làm rõ.",Quyết Nguyễn," Hà Nội , gây rối trật tự công cộng ",20/05/2022   17:10 (GMT+07:00),Bắt giữ 3 người liên quan vụ '2 tay 2 súng' gây rối ở Hà Nội,https://vietnamnet.vn/bat-giu-3-nguoi-lien-quan-vu-2-tay-2-sung-gay-roi-o-pho-hang-be-2021572.html
"Chiều 20/5, 5 học sinh tại xã Hòa Quang Nam, huyện Phú Hòa đi tắm tại bãi biển Trần Phú thì không may gặp luồng nước xoáy cuốn ra xa bờ. Hai em Dương Minh Hiền và Nguyễn Trực (cùng SN 2007) đã bị đuối nước.",,,Thời sự,"Nhận tin báo, lực lượng chức năng Phường 7 phối hợp với Đội cứu hộ bờ biển Trung tâm Cung ứng Dịch vụ Công ích TP Tuy Hòa đã triển khai lực lượng ra ứng cứu đưa 3 học sinh vào bờ. Các thành viên đội cứu hộ đã sơ cứu, hô hấp nhân tạo cho các nạn nhân. Em Trịnh Xuân Phương may mắn đã tỉnh trở lại; em Dương Minh Hiền và em Nguyễn Trực bị ngừng thở... Ông Hà Bích Sơn, Chủ tịch UBND Phường 7 xác nhận hai em Dương Minh Hiền và Nguyễn Trực đã tử vong trước khi được đưa đến bệnh viện. Hiện gia đình đã làm thủ tục đưa thi thể các nạn nhân về địa phương. Từ đầu năm 2022 đến nay, tỉnh Phú Yên đã có 10 vụ đuối nước, trong đo có 7 vụ do tắm biển làm 9 người tử vong.",Trâm Trân," tử vong , Phú Yên ",20/05/2022   21:44 (GMT+07:00),Phú Yên: 2 học sinh tử vong khi đi tắm biển,https://vietnamnet.vn/phu-yen-2-hoc-sinh-tu-vong-khi-di-tam-bien-2021643.html
"Nguyễn Đức Tuân xuất sắc đánh bại tay vợt của Thái Lan trong trận chung kết nội dung đơn nam, qua đó mang về tấm HCV quý giá cho bóng bàn Việt Nam ở SEA Games 31.",,"https://static-images.vnncdn.net/files/publish/2022/5/20/nguyen-duc-tuan-bong-ban-sea-games-31-1-1171.jpg,https://static-images.vnncdn.net/files/publish/2022/5/20/nguyen-duc-tuan-bong-ban-sea-games-31-1-1339.jpg",Thể thao,"Sau khi đánh bại tay vợt hạng 123 thế giới người Singapore - Chew Zhe Yu Clarence, Nguyễn Đức Tuân chạm trán tay vợt kỳ cựu Pharpoom Sanguansin của Thái Lan trong trận chung kết tranh HCV nội dung đơn nam  . Sự cổ vũ nhiệt tình của đông đảo khán giả tại Nhà thi đấu tỉnh Hải Dương tối 20/5 giúp đại diện của nước chủ nhà có sự khở đầu thuận lợi với chiến thắng 11-7 ở set mở màn. Thừa thắng xông lên, Đức Tuân tiếp tục khiến Pharpoom liên tục rơi vào thế phải bám đuổi để khép lại set 2 với tỷ số điểm 11-9. Một chút nóng vội của Đức Tuân khiến anh không duy trì được sự hung phấn trong set 3, trong khi tay vợt của Thái Lan thắp lên hi vọng bằng chiến thắng 11-8. Tuy nhiên, đó cũng là set đấu duy nhất mà Pharpoom được ăn mừng. Bởi Đức Tuân đã trở lại đầy mạnh mẽ với khả năng tấn công hay mà phòng ngự cũng giỏi để rồi buộc đối thủ phải gác vợt trong 2 set sau đó, với điểm số 11-7 và 13-11. Chung cuộc, Đức Tuân giành chiến thắng với tỷ số 4-1 (11-7, 11-9, 8-11, 11-7 và 13-11) để lên ngôi vô địch đầy cảm xúc ngay trên quê nhà. Chiến thắng của Nguyễn Đức Tuân giúp bóng bàn Việt Nam có được tấm HCV đơn nam lần đầu tiên sau 19 năm. Trước đó, năm 2003, Trần Tuấn Quỳnh là người mang về HCV bóng bàn đơn nam trong kỳ SEA Games diễn ra trên sân nhà.","SEA Games 31,Nghĩa Hưng"," Nguyễn Đức Tuân , SEA Games , bóng bàn ",20/05/2022   22:13 (GMT+07:00),Nguyễn Đức Tuân giúp bóng bàn Việt Nam giành HCV SEA Games sau 19 năm,https://vietnamnet.vn/nguyen-duc-tuan-giup-bong-ban-viet-nam-gianh-hcv-sea-games-sau-19-nam-2021651.html
Kết quả bóng đá SEA Games hôm nay 21/5 - Cập nhật nhanh kết quả trận chung kết và tranh HCĐ bóng đá nữ SEA Games 31 mới nhất tại đây.,,,Thể thao,"21/5 - 15h30: Myanmar - Philippines  (VTV6, On Football) 21/5 - 19h00: Việt Nam - Thái Lan (VTV6, On Football)","Kết quả chung kết và tranh HCĐ bóng đá nữ ,:,Thiên Bình", Kết quả bóng đá ,21/05/2022   15:16 (GMT+07:00),Kết quả bóng đá SEA Games 31 hôm nay 21/5: Xác định ngôi hậu,https://vietnamnet.vn/ket-qua-bong-da-sea-games-31-hom-nay-21-5-2021623.html
"Không chỉ bảo vệ thành công HCV hạng cân 64kg, đô cử Phạm Thị Hồng Thanh còn xuất sắc phá 3 kỷ lục ở nội dung cử giật 104kg, cử đẩy 126kg và tổng cử 230kg.",,,Thể thao,,"Danh sách VĐV giành HCV cho đoàn Việt Nam ngày 21/5:,Phạm Thị Hồng Thanh bảo vệ thành công HCV hạng cân 64kg,Aerobic giành HCV đầu tiên,Môn,Địa điểm,Ngày,Thời gian,Nội dung,Vòng,Vận động viên,Kết quả,Ghi chú,Cầu lông, , , , ,Bắn súng, , , , , , , , , , , , , , , , ,MUAY, , , , , , , , , ,Canoeing, , , , , , , , , , , , , , ,Judo, , , , , ,Nhà thi đấu huyện Hoài Đức,21/5,-45 nữ , -48 nam , -55 nam, , , , , , , , , ,Bóng đá,Cẩm Phả,21/5, , ,Trao thưởng, , ,Bóng rổ,Thanh Trì,Hà Nội,21/5, , , , ,Cầu mây,Hoàng Mai,21/5, , , , , , , , , , , , , , , , ,Bi A,Hà Đông,Hà Nội,21/5,Carom 3 Cushions, , ,Quần vợt,Từ Sơn,Bắc Ninh,21/5, , , , ,Thể thao điện tử, , , , , ,Cử tạ,Nam 73 kg, , , , , ,Nữ 64kg, , , , ,Nam 81kg, , , , ,Nữ 71kg, , , , ,Vovinam, , , , , , , , , , , , , , , , , , , ,Xe đạp, , , , , , , , ,Cờ vua,Cờ chớp,Đồng đội,Sáng 21/5 Bốc thăm, , , , , , , , , ,Môn,Địa điểm,Ngày,Thời gian,Nội dung,Vòng,Vận động viên,Kết quả,Ghi chú,LẶN, , , , , , , , , , , , , , , , , , , , , ,Aerobic, , , , ,Bóng ném, , , , , ", SEA Games ,21/05/2022   08:55 (GMT+07:00),"Trực tiếp SEA Games 31 ngày 21/5: Hồng Thanh giành HCV, phá liền 3 kỷ lục cử tạ",https://vietnamnet.vn/truc-tiep-sea-games-31-ngay-21-5-chung-ket-bong-da-nu-lan-ra-quan-2021122.html
"Truyền thông Hàn Quốc rộn ràng cùng U23 Việt Nam và HLV Park Hang Seo đánh bại Malaysia kịch tính, tiến gần HCV SEA Games 31 với cuộc đấu U23 Thái Lan ở chung kết.",,"https://static-images.vnncdn.net/files/publish/2022/5/20/u23-viet-nam-u23-malaysia-tien-linh-5-223.jpg,https://static-images.vnncdn.net/files/publish/2022/5/20/u23-viet-nam-cam-on-khan-gia-2-224.jpg,https://static-images.vnncdn.net/files/publish/2022/5/20/u23-viet-nam-u23-malaysia-5-225.jpg",Thể thao,“ ”. Còn tờ Chosun phản ánh: “ ”. Newsis cập nhật về đội bóng áo đỏ: “ ”. Tờ Osen thông tin:  ”.,Mai Nguyễn," U23 Việt Nam , U23 Thái Lan , SEA Games , báo Hàn Quốc ",20/05/2022   14:07 (GMT+07:00),"‘U23 Việt Nam đấu Thái Lan, HCV SEA Games vẫy gọi lần nữa’",https://vietnamnet.vn/u23-viet-nam-dau-thai-lan-hcv-sea-games-vay-goi-lan-nua-2021375.html
"Tại họp báo về dự kiến chương trình kỳ họp thứ 3, Quốc hội khóa XV vào chiều 20/5, Phó Chủ nhiệm Văn phòng Quốc hội Vũ Minh Tuấn cho biết, theo dự kiến chương trình, Quốc hội sẽ làm việc trong thời gian 19 ngày.",,"https://static-images.vnncdn.net/files/publish/2022/5/20/6d4b029eb4d874862dc9-959.jpg,https://static-images.vnncdn.net/files/publish/2022/5/20/quoc-hoi-960.jpg",Thời sự,"Cụ thể, kỳ họp Quốc hội sẽ khai mạc vào ngày 23/5 và bế mạc vào ngày 16/6. Trong đó, Quốc hội dành 8 ngày làm việc cho công tác lập pháp; thời gian dành cho việc xem xét các báo cáo, chất vấn và các vấn đề quan trọng khác khoảng 11 ngày. Quốc hội sẽ xem xét, thông qua 5 dự án luật, 3 dự thảo Nghị quyết và cho ý kiến 6 dự án luật khác.  Các dự án Luật, dự thảo Nghị quyết được Quốc hội xem xét, thông qua, gồm: Luật Cảnh sát cơ động; Luật Điện ảnh (sửa đổi); Luật Kinh doanh bảo hiểm (sửa đổi); Luật Thi đua, khen thưởng (sửa đổi); Luật sửa đổi, bổ sung một số điều của Luật Sở hữu trí tuệ; Nghị quyết về thí điểm mô hình tổ chức hoạt động lao động, hướng nghiệp, dạy nghề cho phạm nhân ngoài trại giam; Nghị quyết về Chương trình xây dựng luật, pháp lệnh năm 2023, điều chỉnh Chương trình xây dựng luật, pháp lệnh năm 2022; Nghị quyết về thí điểm một số cơ chế, chính sách đặc thù, phát triển tỉnh Khánh Hòa. Các dự án Luật được Quốc hội xem xét, cho ý kiến gồm: Luật Dầu khí (sửa đổi); Luật Phòng, chống bạo lực gia đình (sửa đổi); Luật Thanh tra (sửa đổi); Luật Thực hiện dân chủ ở cơ sở; Luật sửa đổi, bổ sung một số điều của Luật Tần số vô tuyến điện; Luật Khám bệnh, chữa bệnh (sửa đổi). Ngoài ra, Quốc hội xem xét, cho ý kiến các báo cáo về đánh giá bổ sung kết quả thực hiện kế hoạch phát triển kinh tế - xã hội và ngân sách nhà nước năm 2021; tình hình thực hiện kế hoạch phát triển kinh tế - xã hội và ngân sách nhà nước những tháng đầu năm 2022; phê chuẩn quyết toán ngân sách nhà nước năm 2020; báo cáo về công tác thực hành tiết kiệm chống lãng phí năm 2021. Một nội dung đáng chú ý khác được Quốc hội xem xét, quyết định tại kỳ họp này là chủ trương đầu tư 5 dự án: Dự án đường Vành đai 4 vùng Thủ đô Hà Nội; dự án đường Vành đai 3 TP.HCM; dự án đường bộ cao tốc Biên Hòa -Vũng Tàu; dự án đường bộ cao tốc Khánh Hòa - Buôn Ma Thuột; dự án đường bộ cao tốc Châu Đốc - Cần Thơ - Sóc Trăng. Quốc hội cũng xem xét việc tổng kết, đánh giá tổng thể tình hình thực hiện Nghị quyết số 66/2013 về điều chỉnh một số nội dung và giải pháp nhằm tiếp tục thực hiện có hiệu quả chủ trương đầu tư xây dựng đường Hồ Chí Minh theo Nghị quyết số 38/2004 và kế hoạch triển khai dự án đường Hồ Chí Minh giai đoạn tiếp theo. Cùng với đó, Quốc hội giám sát tối cao việc thực hiện chính sách, pháp luật về công tác quy hoạch kể từ khi Luật Quy hoạch có hiệu lực thi hành; xem xét, thông qua các Nghị quyết về Chương trình giám sát và thành lập Đoàn giám sát chuyên đề của Quốc hội năm 2023; tiến hành chất vấn và trả lời chất vấn đại biểu Quốc hội. Quốc hội xem xét, quyết định việc chuyển vốn vay về cho vay lại, bảo lãnh Chính phủ thành cấp phát ngân sách nhà nước.   Cũng tại kỳ họp này, Quốc hội nghe Ủy ban Trung ương Mặt trận Tổ quốc Việt Nam báo cáo tổng hợp ý kiến, kiến nghị của cử tri và nhân dân gửi đến kỳ họp; nghe Ủy ban Thường vụ Quốc hội báo cáo kết quả giám sát việc giải quyết kiến nghị của cử tri gửi đến kỳ họp thứ 2. Đồng thời, Quốc hội cũng xem xét, thông qua Nghị quyết kỳ họp thứ 3, Quốc hội khóa XV. Trả lời báo chí, Tổng thư ký Quốc hội Bùi Văn Cường cho biết, hiện nay, công tác chất vấn, trả lời chất vấn tại kỳ họp thứ 3 tiếp tục tiến hành với thời lượng 2,5 ngày. Trong đó, Quốc hội sẽ chất vấn Thủ tướng Chính phủ, theo thông lệ kỳ họp giữa năm sẽ do Phó Thủ tướng sẽ trả lời. Về nội dung chất vấn, Tổng thư ký Quốc hội cho biết, đến ngày 23/5, sau khi nhận đủ đề nghị của các đoàn ĐBQH, trên cơ sở đó xin ý kiến các đại biểu về các nhóm vấn đề đưa ra chất vấn. Sau đó để xin ý kiến Ủy ban Thường vụ Quốc hội mới quyết định vấn đề chất vấn. Cho tới thời điểm hiện nay, Văn phòng Quốc hội mới nhận được 18 báo cáo của đoàn ĐBQH. Trong đó, có 29 nhóm vấn đề liên quan tới Thủ tướng, TAND tối cao, 14 bộ trưởng, trưởng ngành.",Thu Hằng - Trần Thường," đường cao tốc , Bùi Văn Cường ",20/05/2022   17:19 (GMT+07:00),Quốc hội sắp thông qua chủ trương 5 dự án đường cao tốc mới,https://vietnamnet.vn/quoc-hoi-sap-thong-qua-chu-truong-5-du-an-duong-cao-toc-moi-2021567.html
Hai mẫu xe điện của tập đoàn Hyundai là Ioniq 5 và KIA EV6 đã buộc phải triệu hồi tổng cộng gần 20.000 chiếc vì lỗi phần mềm khiến xe có thể tự trôi khi đỗ.,,,Ô tô - Xe máy,,Hoàng Hiệp," triệu hồi xe , Hyundai Ioniq 5 , Kia EV6 , xe điện ",19/05/2022   10:01 (GMT+07:00),"Sắp về Việt Nam, xe điện Hyundai Ioniq 5 và Kia EV6 bị lỗi phần mềm phải triệu hồi ở Mỹ",https://vietnamnet.vn/sap-ve-viet-nam-xe-dien-hyundai-ioniq-5-va-kia-ev6-bi-loi-phan-mem-phai-trieu-hoi-o-my-2021006.html
Xem trực tiếp bóng đá U23 Việt Nam vs U23 Thái Lan - Cập nhật kênh phát sóng và link xem trực tiếp trận U23 Việt Nam vs U23 Thái Lan thuộc chung kết môn bóng đá Nam SEA Games 31.,,https://static-images.vnncdn.net/files/publish/2022/5/21/u23-viet-nam-vs-u23-thai-lan-498.jpg,Thể thao,"Trận chung kết bóng đá nam giữa U23 Việt Nam vs U23 Thái Lan diễn ra vào lúc 19h00 ngày 22/5, trên sân Mỹ Đình, Hà Nội. Khán giả có thể theo dõi trực tiếp các trận bóng đá nam các trên kênh VTV6, On Football. Ngoài ra, cũng có thể xem trên các kênh Youtube VFF Channel, Next Sports, VTV Sports. Để phục vụ quý độc giả, VietNamNet sẽ tường thuật trực tiếp và cập nhật link xem trận đấu giữa U23 Việt Nam vs U23 Thái Lan.  Văn Toản; Tiến Long, Thanh Bình, Việt Anh; Tuấn Tài, Hoàng Đức, Hùng Dũng, Công Đến, Quang Nho; Tiến Linh, Mạnh Dũng. Kawin; Nakin Winsetchat, Jonathan Khemdee, Chonnapat Buaphan, Airfan Doloh; Chaiyapipat, Weerathep Pompun, Ekanit Panya, Worachit, Ben Davis, Gustavson."," , ,Đội hình xuất phát , vs U23 Thái Lan:,U23 Việt Nam:,U23 Thái Lan: ,Thiên Bình"," U23 Việt Nam , U23 Thái Lan , SEA Games , HLV Park Hang Seo , HLV Mano Polking ",21/05/2022   15:38 (GMT+07:00),"Xem trực tiếp bóng đá U23 Việt Nam vs U23 Thái Lan, chung kết SEA Games 31",https://vietnamnet.vn/xem-truc-tiep-bong-da-u23-viet-nam-vs-u23-thai-lan-chung-ket-sea-games-31-2021834.html
Lịch thi đấu chung kết bóng đá nam SEA Games 31 - Cung cấp lịch thi đấu trận chung kết môn bóng đá nam SEA Games 31 giữa U23 Việt Nam vs U23 Thái Lan.,,https://static-images.vnncdn.net/files/publish/2022/5/21/u23-viet-nam-vs-u23-thai-lan-502.jpeg,Thể thao,"22/5 - 16h00: U23 Indonesia vs U23 Malaysia (VTV6, On Football) 22/5 - 19h00: U23 Thái Lan vs U23 Việt Nam (VTV6, On Football) Môn bóng đá nam   đã đi đến những trận đấu cuối cùng khi U23 Việt Nam chạm trán đối thủ nhiều duyên nợ U23 Thái Lan ở chung kết, trong khi U23 Malaysia đối đầu U23 Indonesia để tranh tấm HCĐ. Trận chung kết tranh HCV diễn ra vào lúc 19h ngày 22/5. Trước đó, trận HCĐ diễn ra vào lúc 16h cùng ngày.  .","Lịch thi đấu chung kết và tranh HCĐ bóng đá nam SEA Games 31,Cả hai trận đấu này đều diễn ra trên SVĐ Quốc gia Mỹ Đình,U23 Thái Lan,Thiên Bình", Lịch thi đấu bóng đá ,21/05/2022   16:07 (GMT+07:00),Lịch thi đấu chung kết bóng đá nam SEA Games 31: U23 Việt Nam vs U23 Thái Lan,https://vietnamnet.vn/lich-thi-dau-chung-ket-bong-da-nam-sea-games-31-u23-viet-nam-vs-u23-thai-lan-2020984.html
"Mới đây, doanh nhân võng xếp Duy Lợi chia sẻ thông tin sẽ khui công mẫu xe được mệnh danh là khủng long Apocalypse HellFire 6×6.",,,Ô tô - Xe máy,,Theo Báo Giao thông," Apocolypse Hellfire , xe 6 bánh Việt Nam ",19/05/2022   16:09 (GMT+07:00),"Đại gia võng xếp Duy Lợi tậu ""khủng long"" 6 bánh độc nhất Việt Nam",https://vietnamnet.vn/dai-gia-vong-xep-duy-loi-tau-khung-long-6-banh-doc-nhat-viet-nam-2021064.html
"Nam thanh niên điều khiển xe máy lao nhanh qua ngã tư mà không giảm tốc độ để quan sát, thiếu chút nữa đã phải trả giá bằng cả mạng sống.",,,Ô tô - Xe máy,"Tình huống giao thông được camera giám sát ghi lại, cho thấy khoảnh khắc hai thanh niên điều khiển xe máy băng nhanh qua ngã tư mà không hề giảm tốc độ để quan sát, đúng lúc một chiếc xe trộn bê tông đi ngang qua. Nam thanh niên đi phía trước, do khoảng cách quá gần và không kịp xử lý, nên đã bị trượt ngã, lọt vào gầm xe trộn bê tông. Trong khi đó, thanh niên đi xe máy phía sau, do khoảng cách còn khá xa, nên kịp thời phanh gấp, tạo nên một tình huống ""drift"" bất đắc dĩ, đủ kịp tránh tông mạnh vào hông của xe trộn bê tông. Chiếc xe máy của nam thanh niên đi trước đã bị xe trộn bê tông kéo lê một đoạn trên đường, nhưng may mắn là thanh niên này, theo quán tính, đã bị trượt về phía trước, thay vì lọt vào gầm xe trộn bê tông. Đoạn clip về tình huống giao thông thót tim này đã gây sốt sau khi được đăng tải lên mạng xã hội. Cư dân mạng đều cho rằng cặp đôi đi xe máy đã quá may mắn khi thoát chết trong tình huống này. ""Giảm tốc độ khi đi qua đoạn đường giao nhau là bài học cơ bản và nằm lòng ngay ngày đầu điều khiển phương tiện ra đường, vậy mà cặp đôi thanh niên chạy xe máy này phóng như bay qua ngã tư như vậy, thật quá xem thường mạng sống của mình và người khác. Phải nói là quá may mắn cho cả hai khi thoát chết trong tình huống này"", tài khoản Facebook M.Phúc bình luận sau khi xem đoạn clip. ""Qua ngã tư mà phóng như bay thế này thì đúng là quá liều mạng. Nếu vẫn giữ thói quen đi đường kiểu bất chấp thế này thì tôi e là không phải lúc nào may mắn cũng mỉm cười như trong trường hợp này đâu"", người dùng Facebook T.Bình chia sẻ. ""Đường thì mưa trơn trượt, ngã tư thì tầm nhìn bị hạn chế vậy mà vẫn phóng như bay, quá sức là liều mạng. Nếu trường hợp này mà không may tông vào người đi xe máy hoặc xe đạp thì lại gây họa cho người khác. Quả thực là quá may mắn cho cả hai thanh niên này và cho cả tài xế chiếc xe trộn bê tông"", một người dùng mạng xã hội khác bình luận. Trong khi đó, nhiều cư dân mạng hy vọng rằng tình huống giao thông này sẽ là bài học đáng nhớ, không chỉ cho hai thanh niên trong đoạn clip, mà là cho tất cả những người tham gia giao thông, hãy luôn nhớ giảm tốc độ và quan sát kỹ trước khi băng qua những đoạn đường giao nhau để tránh tai nạn đáng tiếc.",Theo Dân trí," tình huống giao thông , phóng nhanh , xe máy ",19/05/2022   16:07 (GMT+07:00),"Phóng nhanh qua ngã tư, thanh niên chạy xe máy suýt phải trả giá cực đắt",https://vietnamnet.vn/phong-nhanh-qua-nga-tu-thanh-nien-chay-xe-may-suyt-phai-tra-gia-cuc-dat-2021067.html
"Kết quả bóng đá hôm nay 21/5 - Cập nhật nhanh kết quả bóng đá chung kết bóng đá nữ SEA Games 31, vòng 38 La Liga, vòng 38 Serie A và vòng 38 Ligue 1.",,,Thể thao,"21/5 - 15h30: Myanmar - Philippines  (VTV6, On Football) 21/5 - 19h00: Việt Nam - Thái Lan (VTV6, On Football) 21/05 - 02:00: Rayo Vallecano 2-4 Levante 21/05 - 02:00: Real Madrid 0-0 Betis 21/05 - 22:30: Valencia - Celta Vigo 21/05 - 01:45: Torino 0-3 Roma 21/05 - 22:15: Genoa - Bologna","Kết quả chung kết và tranh HCĐ bóng đá nữ SEA Games 31:,Kết quả vòng 38 La Liga:,Kết quả vòng 38 Serie A,Thiên Bình", Kết quả bóng đá ,21/05/2022   05:06 (GMT+07:00),Kết quả bóng đá hôm nay 21/5,https://vietnamnet.vn/ket-qua-bong-da-hom-nay-21-5-2021622.html
"Chính phủ New Zealand quyết định mở cửa biên giới hoàn toàn cho học sinh, sinh viên quốc tế 31/7/2022, việc này tạo điều kiện thuận lợi cho sinh viên Việt Nam nộp thị thực học sinh/sinh viên sớm hơn so với dự kiến.",,https://static-images.vnncdn.net/files/publish/2022/5/18/hinh-2-1128.jpg,Giáo dục,"Mới đây, Chính phủ New Zealand đã có thông báo chính thức về việc mở cửa biên giới hoàn toàn cho học sinh, sinh viên quốc tế từ 23h59 ngày 31/7/2022 ( theo giờ New Zealand), thay vì vào tháng 10/2022 như kế hoạch trước đây. Với học sinh, sinh viên Việt Nam, thông báo này tạo điều kiện thuận lợi hơn cho việc chuẩn bị và xin thị thực học sinh/sinh viên (Student Visa). “Đây là một bước tiến quan trọng, gửi đi một thông điệp mạnh mẽ rằng, New Zealand đã sẵn sàng mở cửa lại hoàn toàn với thế giới, trong đó bao gồm mảng giáo dục quốc tế. Chúng tôi mong chờ chào đón học sinh, sinh viên trên toàn thế giới đến và khám phá nền giáo dục tuyệt vời của New Zealand” - Ông Grant McPherson, Tổng Giám đốc Điều hành Cơ quan Giáo dục New Zealand (ENZ) cho hay. Ngoài ra, trong thông báo mới nhất này, Chính phủ New Zealand cũng công bố một số điều chỉnh về thị thực Post-Study Work Rights (PSW) – quyền lợi cho phép sinh viên quốc tế ở lại làm việc sau khi tốt nghiệp tại nước này. Theo đó, khi theo học toàn thời gian tại New Zealand ít nhất 30 tuần, sinh viên sẽ đủ điều kiện nộp hồ sơ xin thị thực PSW cho các chương trình đào tạo Cử nhân, Cử nhân Danh dự , Chứng chỉ Sau đại học, Thạc sĩ hay Tiến sĩ. Thời hạn thị thực PSW được cấp tương đương với thời gian du học sinh theo học toàn thời gian tại New Zealand, với thời gian tối đa lên đến ba năm. Riêng bậc Thạc sĩ và Tiến sĩ, thời gian thị thực PSW vẫn được giữ nguyên là 3 năm, với điều kiện nghiên cứu sinh quốc tế phải theo học ít nhất 30 tuần toàn thời gian tại New Zealand. Đối với những sinh viên theo học chương trình cấp độ 7 không văn bằng (Level 7 non-degree) trở xuống, bao gồm chương trình Graduate Diplomas hay Diplomas cấp độ 7, người học sẽ đủ điều kiện xét duyệt thị thực PSW nếu chương trình theo học nằm trong nhóm Nghề nghiệp Ưu tiên. Sau khi tốt nghiệp, sinh viên quốc tế sẽ được phép làm việc trong lĩnh vực đã theo học.  Ngoài ra, các sinh viên theo học tại New Zealand vẫn được quyền đi làm bán thời gian tối đa 20 tiếng/tuần trong học kỳ và toàn thời gian trong các kì nghỉ. Những thay đổi này chỉ được áp dụng với sinh viên quốc tế nộp thị thực từ ngày 11/5/2022 trở đi.  “Những thay đổi sắp tới nhằm bảo đảm rằng sinh viên sẽ nhận được các giá trị xứng đáng so với những gì họ đã đầu tư, và những sinh viên tiếp tục ở lại làm việc tại New Zealand cũng có thể bổ sung khoảng trống kỹ năng của thị trường lao động, và đóng góp cho sự phát triển của nền kinh tế” - Ông Chris Hipkins, Bộ trưởng Bộ Giáo Dục New Zealand chia sẻ.  (theo ENZ)",Việt Dũng," du học New Zealand , chính sách thị thực ",18/05/2022   19:10 (GMT+07:00),"New Zealand mở cửa cho sinh viên quốc tế, thay đổi chính sách thị thực",https://vietnamnet.vn/new-zealand-mo-cua-cho-sinh-vien-quoc-te-thay-doi-chinh-sach-thi-thuc-2020847.html
"Phòng Giáo dục và Đào tạo (GD-ĐT) huyện Châu Đức, tỉnh Bà Rịa - Vũng Tàu đã chỉ đạo việc xác minh, làm rõ thông tin cô giáo dạy tiếng Anh một trường THCS trên địa bàn bị “tố” thường xuyên đánh, xúc phạm học sinh trong giờ học.",,"https://static-images.vnncdn.net/files/publish/2022/5/17/anh-1-1265.jpg,https://static-images.vnncdn.net/files/publish/2022/5/17/anh-2-1266.jpg",Giáo dục,"Hôm nay (17/5), trao đổi với  , thầy Trần Thạnh - Hiệu trưởng Trường THCS Quang Trung (xã Nghĩa Thành, huyện Châu Đức) cho biết, nhà trường vẫn đang tiến hành xử lý việc cô giáo N.T.K.L. (giáo viên môn tiếng Anh) bị tố đánh, xúc phạm học sinh trong giờ học. “Vụ việc đã được nhà trường nắm từ đầu tháng 4 đến bây giờ, nhà trường đã làm 5-6 bước rồi, vẫn đang làm, do học sinh nôn nóng giải quyết sự việc quá thôi. Cấp trên nói xong việc mới cung cấp thông tin cho báo chí, bây giờ không cung cấp được dữ liệu gì hết !”, thầy Thạnh trả lời qua điện thoại. Về nội dung bài viết đăng tải trên mạng xã hội, thầy Thạnh cho rằng không đúng bản chất sự việc, từ ngày 5/4 nhà trường đã nhận được phản ánh và đang xử lý đến bây giờ. Trước đó, trên mạng xã hội Facebook lan truyền bài viết của tài khoản “Khang Nguyễn” với nội dung “tố” đích danh cô giáo N.T.K.L. nhiều lần đánh đập, xúc phạm học sinh trong giờ học. Kèm theo đó là đoạn video ngắn ghi lại cảnh một nữ giáo viên dùng thanh gỗ đánh liên tiếp vào người học sinh. Bài viết sau khi đăng tải vài giờ đã thu hút hàng trăm lượt bình luận, chia sẻ và bày tỏ cảm xúc. Một số người tỏ ra bức xúc trước việc làm của cô L. theo nội dung thông tin đăng tải, trong khi một số tỏ ra hoài nghi về tính khách quan của bài viết. Theo tài khoản này đăng tải, cô L. thường xuyên xúc phạm học sinh 2 lớp khối 9 trong giờ học với lời lẽ khó nghe.  “Cổ là giáo viên mà dùng lời lẽ thô tục, phản cảm để chửi chúng em … nghe như dân chợ búa và rất áp lực mỗi khi sợ làm bài, sai nhẹ thì bị chửi, nặng thì bị đánh, mà cổ nhấp thước nhiều lần mới đánh mạnh một lần nên rất sợ, sợ đến nỗi có bạn phải trốn tiết của cổ” - người tố cáo viết.  Cũng theo tài khoản này, ngoài đánh và xúc phạm học sinh, cô L. còn không công bằng trong chấm điểm đối với học sinh không đi học thêm. Cuối bài viết, tài khoản này cho biết đã hơn 1 tháng gửi tâm thư, kiến nghị lên hiệu trường nhà trường để đổi giáo viên dạy tiếng Anh nhưng chưa được giải quyết. “Chúng em sắp ra trường nên lúc đầu cũng sợ ảnh hưởng đến tốt nghiệp, nhưng giờ chúng em bức xúc quá không thể chịu đựng… Chúng em muốn mỗi ngày đến trường là một ngày vui, đặc biệt là những ngày tháng cuối cấp”. Liên quan đến sự việc trên, trao đổi với VietNamNet, ông Lê Thanh Kính - Trưởng phòng GD-ĐT huyện Châu Đức cho biết đã chỉ đạo các đơn vị liên quan của phòng xác minh nội dung, đồng thời giao cho Phó trưởng phòng trực tiếp làm việc, kiểm tra để làm rõ. Cùng ngày, UBND huyện Châu Đức cũng đã chỉ đạo cho Phòng GD-ĐT huyện nhanh chóng vào xác minh, kiểm tra sự việc trên và báo cáo huyện.",Quang Hưng," Bà Rịa - Vung Tàu , Bạo Lực Học Đường ",17/05/2022   20:23 (GMT+07:00),Cô giáo tiếng Anh bị tố đánh đập học trò 'như cơm bữa',https://vietnamnet.vn/co-giao-tieng-anh-bi-to-danh-dap-hoc-tro-nhu-com-bua-2020455.html
Khoảng hơn 20.000 học sinh TP.HCM sẽ rớt lớp 10 công lập trong kỳ tuyển sinh 2022-2023. Tuy nhiên học sinh sẽ không thiếu chỗ ở các trường ngoài công lập.,,https://static-images.vnncdn.net/files/publish/2022/5/18/tu-thuc-89.jpg,Giáo dục,"Chỉ tiêu vào các trường THPT công lập ở TP.HCM năm nay đáp ứng gần 80% nhu cầu học sinh lớp 9. Tuy nhiên các em sẽ không thiếu chỗ học ở các trường tư thục, trung tâm giáo dục thường xuyên, hệ trung cấp trong các trường cao đẳng, các trường trung cấp trên địa bàn TP.HCM. Đối với các trường tư thục, UBND TP.HCM yêu cầu các trường thực hiện công tác tuyển sinh theo kế hoạch chủ động của từng trường, không vượt quá chỉ tiêu được giao hàng năm và phù hợp với quy định.  Thời gian tuyển sinh từ 1/7 đến 25/8. Phải báo cáo danh sách tuyển sinh khối 10 cho Sở GD-ĐT trước ngày 31/8.   Ngoài ra, học sinh đã tốt nghiệp THCS có thể đăng ký xét tuyển vào học tại các trường cao đẳng, trung cấp, trung tâm giáo dục nghề nghiệp, trung tâm giáo dục thường xuyên - giáo dục nghề nghiệp trên địa bàn có xét tuyển học sinh tốt nghiệp THCS. Việc xét tuyển căn cứ vào điểm tốt nghiệp THCS, Điểm tổng kết các môn 4 năm THCS, điểm tổng kết các môn học năm cuối cấp THCS. Hơn 20.000 học sinh rớt lớp 10 công lập có thể học ở đâu? Sau đây là chi tiết chỉ tiêu tuyển sinh lớp 10 tất cả các trường ngoài công lập TP.HCM năm 2022:",Lê Huyền, thi vào lớp 10 ,18/05/2022   06:47 (GMT+07:00),Hơn 20.000 học sinh TP.HCM rớt lớp 10 công lập học ở đâu?,https://vietnamnet.vn/hon-20-000-hoc-sinh-tp-hcm-rot-lop-10-cong-lap-hoc-o-dau-2020197.html
Các chàng trai của đội tuyển bóng chuyền nam Việt Nam đã có chiến thắng đầy kịch tính và cảm xúc trước Thái Lan để giành quyền vào chung kết SEA Games 31.,,"https://static-images.vnncdn.net/files/publish/2022/5/20/bong-chuyen-nam-viet-nam-sea-games-31-1300.jpg,https://static-images.vnncdn.net/files/publish/2022/5/20/bong-chuyen-nam-viet-nam-1301.jpg",Thể thao,"Thái Lan là đội nhập cuộc trận bán kết 2 môn bóng chuyền nam   tốt hơn đội chủ nhà. Các cầu thủ đến từ xứ sở Chùa vàng giành chiến thắng với điểm số khá cách biệt 25-17 ở set khai màn. Không hề nao núng sau khi bị dẫn trước 1-0, Từ Thanh Thuận và các đồng đội vùng lên mạnh mẽ trong set thứ 2.   Khả năng phòng ngự trên lưới của tuyển Việt Nam được cải thiện, cùng với đó là những pha đỡ bước một cũng được cải thiện. Hai đội thi đấu giằng co đến nghẹt thở và khép lại với chiến thắng 25-23 cho đội bóng áo đỏ. Thừa thắng xông lên, các tuyển thủ Việt Nam càng bùng nổ hơn ở set 3. Từ Thanh Thuận, Trọng Nghĩa và đặc biệt là Văn Tiên là hai cái tên thi đấu nổi bật để giúp đội nhà thắng 25-17. Ở set 4, Thái Lan phát huy tốt những tình huống đập bóng uy lực của tay đập cao 2m02 Kissada Nilsawai giúp Thái Lan thắng 25-23 để đưa trận bán kết vào set thứ 5. Bước vào set quyết định, hai giành giật nhau từng điểm số một. Sự cổ vũ nhiệt tình của đông đảo khán giả tại Quảng Ninh giúp tuyển bóng chuyền Việt Nam giành chiến thắng 15-13. Thắng chung cuộc 3-2 (17-25, 25-23, 25-17, 23-25 và 15-13), ĐT bóng chuyền nam Việt Nam giành vé vào chung kết môn bóng chuyền nam SEA Games 31, gặp đối thủ Indonesia. Trận chung kết diễn ra lúc 20h30 ngày mai (21/5).","SEA Games 31,Vĩnh Tường"," SEA Games , bóng chuyền Việt Nam ",20/05/2022   20:49 (GMT+07:00),"Bóng chuyền Việt Nam thắng kịch tính Thái Lan, vào chung kết SEA Games 31",https://vietnamnet.vn/bong-chuyen-viet-nam-thang-kich-tinh-thai-lan-vao-chung-ket-sea-games-31-2021629.html
"Sau khi những người liên quan đến vụ việc tố cáo phó hiệu trưởng sàm sỡ nữ sinh làm tường trình, báo cáo, lãnh đạo Phòng GD-ĐT Bến Cầu (Tây Ninh) đã đề nghị cơ quan công an xác minh điều tra.",,https://static-images.vnncdn.net/files/publish/2022/5/18/tayninh-528.jpg,Giáo dục,"Liên quan vụ việc một phó hiệu trưởng Trường THCS Long Khánh (huyện Bến Cầu, tỉnh Tây Ninh) bị tố có hành vi sàm sỡ với nữ sinh lớp 9 tại phòng làm việc, lãnh đạo Phòng GD-ĐT huyện Bến Cầu cho biết vừa đề nghị cơ quan công an vào cuộc xác minh, điều tra. Theo Phòng GD-ĐT Bến Cầu, bản tường trình của nữ sinh và ông N.V.T (Phó hiệu trưởng – Người bị tố cáo sàm sỡ nữ sinh) có sự mâu thuẫn, trong khi tại nơi xảy ra vụ việc không có camera, không có người chứng kiến nên chưa thể xác định có hay không hành vi trên. Do vậy, Phòng GD-ĐT đã đề nghị cơ quan công an huyện Bến Cầu vào cuộc xác minh, điều tra để làm rõ vụ việc này. Về phía Công an huyện Bến Cầu, đơn vị này cho hay đang thụ lý điều tra vụ việc trên theo đề nghị của Phòng GD-ĐT.  Trước đó, phụ huynh và nữ sinh T.N.B.C (học sinh lớp 9 Trường THCS Long Khánh) đã có đơn tố cáo gửi các cơ quan chức năng về việc nữ sinh này bị ông N.V.T (phó hiệu trưởng) sàm sỡ. Theo tố cáo, vào sáng ngày 10/5, sau khi kết thúc thi môn thi tại kỳ thi cuối học kỳ 2, ông T. đã có hành vi ôm hôn lên má, sờ ngực, mông và vùng nhạy cảm của em C tại phòng làm việc của vị này.",Xuân An," Tây Ninh , nữ sinh , phó hiệu trưởng ",18/05/2022   12:11 (GMT+07:00),Công an điều tra vụ Phó hiệu trưởng bị tố sờ ngực nữ sinh,https://vietnamnet.vn/cong-an-dieu-tra-vu-pho-hieu-truong-bi-to-so-nguc-nu-sinh-o-tay-ninh-2020678.html
"Chiếc ô tô dừng bên đường, mở cửa xuống xe không quan sát, đúng lúc một người phụ nữ đi xe đạp điện phía sau không kịp tránh nên ngã ra đường, lăn vào bánh xe tải chạy cùng chiều, tử vong thương tâm.",,,Thời sự,"Chiều 19/5, ông Nguyễn Đình Hậu, Chủ tịch UBND xã Đà Sơn (huyện Đô Lương, Nghệ An) cho biết, trên địa bàn vừa xảy ra vụ tai nạn thương tâm làm một người tử vong. Theo đó, vào khoảng 11h20’ cùng ngày, bà H.T.T (trú xã Đà Sơn) đi xe đạp điện trên QL46 hướng thị trấn Đô Lương - huyện Thanh Chương (Nghệ An). Khi đi đến địa bàn xóm 3 và 4 (xã Đà Sơn) thì bất ngờ chiếc ô tô màu đỏ đi cùng chiều dừng đỗ bên đường, mở cửa xuống xe. Nhận được tin báo, Công an huyện Đô Lương đã có mặt tại hiện trường để điều tra, làm rõ vụ việc.",," Tai nạn , tai nạn giao thông , Nghệ An ",19/05/2022   21:56 (GMT+07:00),Mở cửa ô tô không quan sát làm phụ nữ đi xe đạp điện phía sau gặp nạn tử vong,https://vietnamnet.vn/mo-cua-o-to-khong-quan-sat-lam-phu-nu-di-xe-dap-dien-phia-sau-gap-nan-tu-vong-2021275.html
"Chiếc xe Kia Sonet ở Hà Tĩnh được mua giá 600 triệu, chủ nhân may mắn bấm trúng biển số 38A-45678, có người trả giá tới 1,7 tỷ đồng nhưng không muốn bán.",,https://static-images.vnncdn.net/files/publish/2022/5/19/bien-so-xe-21.jpg,Ô tô - Xe máy,"Người ""trúng số đỏ"" trên là bà Dương Thị Lý (SN 1964, trú tại xã Xuân Giang, huyện Nghi Xuân, Hà Tĩnh).  Ngày 18/5, tại Phòng CSGT Công an tỉnh Hà Tĩnh, bà đến bấm biển số cho chiếc Kia Sonet vừa mua với giá 600 triệu đồng. Tuy nhiên, sau khi nhấn nút bấm biển số, bà Lý bất ngờ khi bấm trúng biển “sảnh tiến” 38A-45678. “Thấy ra dãy biển số quá đẹp, tôi hét lên vì sung sướng và cảm thấy may mắn. Tôi rất bất ngờ khi bấm được biển số đẹp như vậy, mọi người ai cũng khen và cho rằng tôi là người may mắn”, bà Lý nói. Sau khi bấm được biển số đẹp, nhiều người chứng kiến thấy và đăng tải hình ảnh lên mạng xã hội. Theo bà Lý, nhiều người đã gọi điện đặt vấn đề mua lại chiếc xe của bà với giá cao nhưng bà chưa muốn bán. “Chiếc xe này sau khi hoàn thiện với có giá gần 700 triệu đồng. Sau khi tôi bấm được biển số đẹp, có người đã liên hệ cho tôi, ngỏ ý mua với giá 1,7 tỷ đồng nhưng tôi chưa muốn bán”, bà Lý nói. Được biết, bà Dương Thị Lý, trước đây công tác tại Trạm y tế thị trấn Nghi Xuân, nay bà đã về hưu.  Theo nhiều người quan niệm, đây là con số cực đẹp, đặc biệt là những người làm kinh doanh, có ý nghĩa tiến lên, luôn luôn hướng về phía trước.",Thiện Lương," Hà Tĩnh , xe biển đẹp ",19/05/2022   07:07 (GMT+07:00),"Xe giá 600 triệu trúng biển “sảnh tiến”, được trả tới 1,7 tỷ đồng",https://vietnamnet.vn/xe-gia-600-trieu-trung-bien-sanh-tien-tra-1-7-ty-dong-2020913.html
"HĐND TP Hà Nội thống nhất chi hơn 23.500 tỷ đồng làm 58,2km đường Vành đai 4 vùng Thủ đô. Dự kiến bố trí vốn và giải ngân các năm giai đoạn 2021 - 2025.",,https://static-images.vnncdn.net/files/publish/2022/5/20/vanh-dai-4-237.jpg,Thời sự,"Sáng nay (20/5), tại kỳ họp thứ 5 (kỳ họp chuyên đề), HĐND TP Hà Nội khóa XVI đã xem xét, quyết định chủ trương bố trí, cân đối vốn cho dự án đầu tư xây dựng đường Vành đai 4 vùng Thủ đô. Với 100% đại biểu có mặt, HĐND TP đã thông qua Nghị quyết về chủ trương bố trí, cân đối vốn cho dự án. Theo đó, nguồn vốn đầu tư dự kiến 85.813 tỷ đồng. Nguồn vốn từ ngân sách TP Hà Nội dự kiến 23.524 tỷ đồng (giai đoạn 2021-2025 là 19.477 tỷ đồng; giai đoạn 2026-2030 là 4.047 tỷ đồng). Hà Nội dự kiến bố trí vốn và giải ngân năm 2022 khoảng 100 tỷ đồng, 2023 khoảng 8.397 tỷ đồng, 2024 khoảng 5.955 tỷ đồng, 2025 khoảng 5.025 tỷ đồng. UBND TP cam kết đảm bảo nguồn vốn thực hiện theo tiến độ. Kế hoạch vốn bố trí hàng năm sẽ được UBND TP trình HĐND TP quyết nghị cụ thể trên cơ sở thủ tục, tiến độ triển khai thực hiện dự án đầu tư được cấp có thẩm quyền phê duyệt và theo luật định. Tiến độ và thời gian thực hiện dự án từ năm 2022 - 2027. Dự án đường Vành đai 4 vùng Thủ đô có chiều dài 112,8km, trong đó qua TP Hà Nội 58,2km, tỉnh Hưng Yên 19km, tỉnh Bắc Ninh 25,6km và tuyến nối quốc lộ 18 dài 9,7km. Quy mô hoàn chỉnh gồm 6 làn xe cao tốc và hệ thống đường song hành hai bên. Dự án được chia thành 3 nhóm dự án với 7 dự án thành phần. Trong đó, nhóm 1 với 3 dự án thành phần giải phóng mặt bằng ở Hà Nội, Bắc Ninh, Hưng Yên. Nhóm 2 với 3 dự án thành phần đầu tư xây dựng đường song hành trên địa bàn 3 địa phương. Nhóm 3 với một dự án thành phần đầu tư xây dựng cao tốc theo phương thức đối tác công tư loại hợp đồng BOT.",Hương Quỳnh," Vành đai 4 , Hà Nội ",20/05/2022   09:51 (GMT+07:00),Hà Nội ‘chốt’ chi hơn 23.500 tỷ đồng làm đường Vành đai 4,https://vietnamnet.vn/ha-noi-chot-chi-hon-23-500-ty-dong-lam-duong-vanh-dai-4-2021362.html
"Giám đốc hãng taxi Thanh Nhàn cho biết, 5 số cuối của biển xe trong vụ việc trùng với xe mà hãng quản lý, nhưng tài xế và số điện thoại tổng đài không phải của công ty.",,"https://static-images.vnncdn.net/files/publish/2022/5/19/sequence-0200-02-54-19still001-1308.jpg,https://static-images.vnncdn.net/files/publish/2022/5/19/sequence-0200-07-41-09still002-1309.jpg",Thời sự,"Ngày 19/5, đoạn clip ghi lại cảnh 2 người phụ nữ phản ánh về việc bị tài xế taxi thu 519 nghìn đồng cho quãng đường 14km từ Bệnh viện Mắt Trung ương (Hai Bà Trưng, Hà Nội) đến khu đô thị Vinhomes Ocean Park (Gia Lâm) được chia sẻ trên mạng xã hội. Khi 2 người phụ nữ cho rằng số tiền phải trả quá cao, người lái taxi nói xăng tăng nên cước tăng lên 20.000 đồng/km. Hơn nữa có nhiều cung đường khác nhau, có đường ngắn, đường dài... nhưng 2 vị khách không đồng tình với lời giải thích. Hai vị khách liền gọi đến số tổng đài của hãng taxi và được biết giá hãng là 12.500 đồng/km.  Sau đó tài xế xe taxi nói ""không lấy tiền"" và mời hai vị khách xuống xe. Ông Lâm Viết Hưng, Giám đốc Công ty cổ phần Đầu tư và Thương mại Thanh Nhàn, cho biết 5 số cuối của biển số xe taxi là 379.19 đúng là thuộc quản lý của hãng nhưng lái xe và logo trên bảng tính tiền không phải của taxi Thanh Nhàn. “Lúc đầu lái xe trong clip đọc số tổng đài không đúng của hãng tôi, không hiểu sao hành khách lại gọi được đến số tổng đài của taxi Thanh Nhàn”, ông Lâm Viết Hưng cho biết. Ông Hưng cũng nói thêm, hãng đã giao cho thanh tra của công ty xác minh làm rõ. Theo Giám đốc Công ty cổ phần Đầu tư và Thương mại Thanh Nhàn, chiếc taxi trong vụ việc có thể đã cố tình gắn biển số giả, giống với xe taxi của hãng.  Vị lãnh đạo này cho biết, công ty đang nhờ cơ quan chức năng vào cuộc điều tra. Về việc quản lý tài xế, ông Hưng nói hãng có quy chế và ràng buộc rất chặt chẽ.  “Mỗi tài xế khi làm việc cho hãng đều sẽ có hợp đồng lao động, phải tuân theo quy định. Đối với tài xế có hành vi chặt chém khách, chúng tôi sẽ đuổi việc"", ông Hưng khẳng định. Ông Lâm Viết Hưng giải thích lý do tổng đài viên của hãng xác nhận tài xế trong vụ việc là của công ty và lãnh đạo công ty đã đuổi việc tài xế này là do nhầm lẫn. ""Tổng đài viên trả lời tài xế đã bị đuổi việc là không đúng. Do tổng đài viên này mới vào làm việc, chưa biết rõ sự tình vụ việc"", lời ông Hưng.",":,Đình Hiếu"," Hà Nội , chặt chém ",19/05/2022   21:31 (GMT+07:00),Tài xế taxi đòi hơn 500 nghìn đồng cho 14km: Giám đốc hãng xe nói tình tiết bất ngờ,https://vietnamnet.vn/tai-xe-taxi-doi-hon-500-nghin-dong-cho-14km-giam-doc-hang-xe-noi-tinh-tiet-bat-ngo-2021227.html
"Nhằm chia sẻ với người tiêu dùng về nỗi lo xăng tăng giá, Yamaha Motor Việt Nam đã tung ra chương trình khuyến mãi đặc biệt dành cho 2 dòng xe tiết kiệm nhiên liệu của hãng.",,"https://static-images.vnncdn.net/files/publish/2022/5/19/yamaha-1-772.jpg,https://static-images.vnncdn.net/files/publish/2022/5/19/yamaha-2-773.jpg,https://static-images.vnncdn.net/files/publish/2022/5/19/yamaha-3-774.jpg",Ô tô - Xe máy,"Chương trình dành riêng cho dòng xe Yamaha NVX và Exciter 155 VVA. Cụ thể, từ ngày 20/04/2022 - 30/06/2022, khách hàng mua 1 xe máy Yamaha NVX hoặc Yamaha Exciter 155 VVA sẽ được tặng ngay 1 thẻ đổ xăng Petrolimex trị giá 2 triệu đồng.  Yamaha Exciter là mẫu xe côn tay được ưa chuộng tại thị trường Việt Nam. Bên cạnh phiên bản Exciter 150 rất được yêu thích từ trước, Exciter 155 VVA được nâng cấp và thay đổi với nhiều chi tiết hoàn toàn mới dựa trên các công nghệ đang được áp dụng trên siêu xe thể thao YZF-R1, nhưng vẫn đảm bảo được tính ổn định và linh hoạt khi vận hành hằng ngày của 1 chiếc xe thể thao phân khối nhỏ.  Trải nghiệm Exciter 155 VVA với sự khác biệt từ ngoại hình cho đến công nghệ động cơ van biến thiên (VVA), được bổ sung ly hợp trợ lực kiểu trượt, nhiều biker thích thú vì cảm giác tự do sau tay lái.  Các thiết kế mới của động cơ Exciter 155 VVA giúp mang đến trải nghiệm lái hoàn hảo hơn, cũng như tiết kiệm nhiên liệu tốt hơn khi chạy hành trình dài. Nét hấp dẫn cá tính và sức mạnh bền bỉ vốn có của dòng Exciter đã chinh phục nhiều người trẻ Việt suốt 17 năm qua với cộng đồng hơn 1 triệu thành viên. Sự vượt trội ở Exciter 155 VVA góp phần tạo thêm ấn tượng cho những ai đam mê dòng xe thể thao underbone. Với NVX, đây là mẫu xe tay ga có thiết kế khỏe khoắn, mang đậm nét thể thao với hiệu suất vận hành mạnh mẽ. Phiên bản mới nhất NVX 155 VVA thế hệ II được trang bị hàng loạt các tính năng hiện đại. Điển hình nhất là khối động cơ Blue Core 155cc VVA mạnh mẽ và vượt trội, với phun xăng điện tử và hệ thống CVT. Các tính năng này giúp động cơ của NVX đốt cháy nhiên liệu mạnh hơn và triệt để hơn, góp phần làm giảm tiêu hao nhiên liệu so với các loại xe cùng phân khúc.  Với tình hình giá xăng diễn biến phức tạp và khó dự đoán như hiện nay, nhu cầu sử dụng một chiếc xe không chỉ đẹp, hiện đại, mà còn tiết kiệm nhiên liệu đang là xu hướng. Exciter 155 VVA và NVX 155 VVA đang trở thành lựa chọn hoàn hảo cho mọi người tiêu dùng.  Thông tin chi tiết về chương trình xem tại https://ymhvn.com/KMHE2",Doãn Phong," Yamaha , xe tay ga , xe tay côn ",20/05/2022   08:00 (GMT+07:00),"Xăng tăng phi mã, đã có Yamaha",https://vietnamnet.vn/xang-tang-phi-ma-da-co-yamaha-2021121.html
"Tối 19/5, ngọn lửa bùng phát từ một cửa hàng ăn uống trong ngõ 434 Lạc Long Quân (Tây Hồ, Hà Nội) rồi nhanh chóng lan sang 5 nhà kế bên.",,"https://static-images.vnncdn.net/files/publish/2022/5/19/z3427178912903-33e7eb1d04cdec7bf39333c7634380de-1296.jpg,https://static-images.vnncdn.net/files/publish/2022/5/19/280455050-1193873801431388-8202644976540826281-n-1297.jpg,https://static-images.vnncdn.net/files/publish/2022/5/19/280625470-1159443711295695-2544159726104421708-n-1298.jpg,https://static-images.vnncdn.net/files/publish/2022/5/19/280328960-397227845610146-8564474685173414642-n-1299.jpg",Thời sự,"Khoảng 19h10 ngày 19/5, Trung tâm chỉ huy Công an thành phố Hà Nội tiếp nhận thông tin xảy ra một vụ hỏa hoạn tại cửa hàng ăn uống trong ngõ 434 Lạc Long (Tây Hồ, Hà Nội). Trung tâm chỉ huy nhanh chóng điều động lực lượng Cảnh sát Phòng cháy chữa cháy và Cứu nạn cứu hộ (PCCC&CNCH) của Công an quận Tây Hồ, Cầu Giấy và Trung tâm PCCC khu vực 3 đến hiện trường dập lửa. Do nơi xảy ra cháy là cửa hàng ăn uống có kết cấu lợp tôn tạm bợ nên đám cháy nhanh chóng lan sang 5 nhà kế bên. Các nhà này đều thuộc loại nhà tạm, lợp tôn vừa là nơi ở vừa làm xưởng sản xuất. Sau hơn 1 tiếng, đám cháy cơ bản được khống chế. Lực lượng chức năng tiến hành phun nước làm mát, dập tàn. Thông tin ban đầu không có thiệt hại về người. Nguyên nhân vụ việc đang được điều tra làm rõ.",Đình Hiếu," Hà Nội , cháy ",19/05/2022   21:16 (GMT+07:00),"Hà Nội: Cháy rực cửa hàng ăn ở dãy nhà tạm, lan thần tốc sang 5 nhà kế bên",https://vietnamnet.vn/ha-noi-chay-ruc-cua-hang-an-o-day-nha-tam-lan-than-toc-sang-5-nha-ke-ben-2021261.html
"Khó ai có thể ngờ rằng, vẻ ngoài xinh đẹp cùng cuộc sống hào nhoáng vậy mà không ít hoa hậu vướng vòng lao lý vì tội trộm cắp, lừa đảo, bán dâm, ma túy...",,"https://static-images.vnncdn.net/files/publish/2022/5/19/la-ky-anh-1564.jpg,https://static-images.vnncdn.net/files/publish/2022/5/19/luc-trieu-vy-1565.jpg,https://static-images.vnncdn.net/files/publish/2022/5/19/hot-girl-ngoc-miu-mim-cuoi-khi-gap-lai-van-kinh-duong-1566.jpg,https://static-images.vnncdn.net/files/publish/2022/5/19/img-9455-1482907967136-1567.jpg",Thời sự,"Hoa hậu Thế giới người Việt ở Mỹ năm 2018 (Miss Vietnam Continents)   (tên thật là Lã Thị Anh, 32 tuổi, quê Hà Nội, ngụ tại quận 7) vừa bị Cơ quan CSĐT Công an TP.HCM đề nghị truy tố về tội “Trộm cắp tài sản”. Sau khi đăng quang  , cô kinh doanh nhiều lĩnh vực như: Bất động sản, tư vấn du học, ẩm thực… Khó ai có thể ngờ rằng, lần này, nàng hậu phủ trên mặt báo lại liên quan tới việc trộm chiếc đồng hồ Rolex Daytona, trị giá khoảng 2 tỷ đồng. Theo kết luận điều tra, tháng 8/2021 thông qua mạng xã hội, Lã Kỳ Anh quen biết với anh Nguyễn Minh T. (25 tuổi, ngụ tại quận 3). Khi qua đêm ở nhà bạn trai, cô đã đánh tráo chiếc đồng hồ thật bằng chiếc nhái giá 13,5 triệu đồng.  Sau khi trộm được, cô đem cầm cố đồng hồ với số tiền 1 tỷ đồng.  Có tiền, Lã Kỳ Anh dùng để trả nợ vì vay mượn đầu tư vào tiền ảo. Từ bức ảnh một người đăng trên mạng xã hội để khoe, công an đã lần ra dấu vết. Từ kết quả điều tra, công an đã bắt giữ, khởi tố Lã Kỳ Anh về tội ""Trộm cắp tài sản”. Có nhan sắc, danh hiệu, tạo được uy tín với công chúng thế nhưng vì đồng tiền, nhiều hoa hậu, á hậu, người nổi tiếng đã đánh mất mình, trượt dài để rồi vướng vòng lao lý. Tháng 7/2020, thông tin 3 người mẫu bán dâm với mức giá 18.000 - 30.000 USD bị bắt quả tang trong lúc ""phục vụ"" khách tại một khách sạn 4 sao ở quận 1, TP.HCM gây chấn động xã hội. Đáng chú ý, 1 trong 3 người mẫu bị bắt quả tang là hoa hậu người Việt tại nước ngoài. Những người mẫu, hoa hậu này hoạt động trong đường dây bán dâm của Lục Triều Vỹ.  Nhắc đến hồng nhan vướng vòng lao lý, nhiều người không khỏi tiếc nuối với hot girl Ngọc Miu. Cô tên thật là Vũ Hoàng Anh Ngọc, từng xuất hiện trong nhiều MV ca nhạc của ca sĩ nổi tiếng. Thế nhưng vào tháng 5/2019, cô xuất hiện ở TAND TP.HCM với vai trò bị cáo. Người tình của Ngọc Miu là Văn Kính Dương - ông trùm khét tiếng trong đường dây sản xuất, mua bán và tàng trữ trái phép hơn 200kg ma túy các loại phải nhận mức án tử hình. Những hào nhoáng của thế giới showbiz, xe đẹp, đồ hàng hiệu của hotgirl Ngọc Miu dần rời xa khi cô phải chấp hành án phạt 16 năm tù giam về tội tàng trữ trái phép chất ma túy. Vẻ hào nhoáng bên ngoài của nhiều hoa hậu, á hậu, hoa khôi chỉ bị bóc trần khi cơ quan công an điều tra về hành vi vi phạm pháp luật của họ.  Hoa hậu Quý bà Việt Nam 2009, Á hậu Phu nhân Việt Nam toàn cầu 2012   bị khởi tố vào năm 2014 vì tội Lừa đảo chiếm đoạt tài sản trong thương vụ mua bán bất động sản. Ngày 21/7/2014, TAND TP.HCM tuyên bà Trương Thị Tuyết Nga mức án 15 năm tù về tội Lừa đảo chiếm đoạt tài sản; buộc bà Nga trả lại 3,1 triệu USD đã chiếm đoạt của khách hàng (giao dịch còn lại được cho là dân sự) và trừ đi số tiền đã khắc phục thiệt hại là 27 tỷ đồng.","Lã Kỳ Anh,Vết trượt dài...,Trương Thị Tuyết Nga,B.Ngọc"," Hoa hậu , Lã Kỳ Anh , lừa đảo ",19/05/2022   23:48 (GMT+07:00),"Hoa hậu trộm đồng hồ Rolex tiền tỷ, hotgirl 'bóc lịch' vì ma túy",https://vietnamnet.vn/hoa-hau-trom-dong-ho-rolex-tien-ty-hotgirl-boc-lich-vi-ma-tuy-2021127.html
